0.2378910085019694,0.3798836590097318,0.4791993247830661,0.6174188357180748,0.4905571137021113,0.4538283077599697,0.2570516437935274,0.2577832028054224,0.3553563536648029,0.1605762519189958
-0.3402371895126964,-0.2121983100215867,-0.214510875725939,-0.3302216865198634,-0.3283950871230849,-0.2591711426997286,-0.2226159976956158,-0.2176477916988075,-0.4234849088201779,-0.5302191198614915
-0.5455915855847705,-0.3221386770129202,-0.3744850141616012,-0.3359670786167322,-0.2362749388689253,-0.05041120823725564,0.02001602844919205,0.07665057817751013,0.0935566926609146,-0.04804518133443378
-0.08972737157759689,-0.218002279194217,-0.2030798933094625,-0.2864035348258906,-0.2765169149495297,-0.440546681177922,-0.4272155184931347,-0.2727728038111494,-0.293768337592876,-0.2891418252604908
0.03140767027489747,0.04469003931541919,-0.04679520875843636,0.1603698326171073,0.2631525041060199,0.2304520067505313,0.1299322990045296,0.2007718620083628,0.1665624938471979,0.1670709732164039
0.4195478157221625,0.4483502138965986,0.4875790084278721,0.4281649213908865,0.3834313024158349,0.3728254063809498,0.3878438606785752,0.4966774517640349,0.3522390785871569,0.1692915895478703
0.303760773756568,0.1007158375948211,0.01325559353658661,-0.01183403171597401,-0.1288413186113818,-0.1495635344235782,-0.2065777083834784,-0.2616658115814623,-0.4471034109069377,-0.2817882713419764
0.02159195240863288,0.1203667133875303,0.188922489134463,0.0863397112215174,-0.06204676104029767,-0.1064116309422885,0.009509702701399114,0.1034698770279839,0.05520268116560947,0.1318426884329094
0.3088187914917123,0.2901460090973809,0.3691025113376873,0.3324341668306114,0.3115376147753888,0.3356277952676567,0.246574386914803,0.1777005603984065,0.1467262635406668,0.02372762079428029
0.2176630170003669,0.08582212111547789,0.08787853690169914,0.1324357650724279,0.2332535786493684,0.1287313511184577,-0.02891108891693441,-0.05492871915793266,0.01193034356338713,-0.01369763472904593
-0.1837192791458192,-0.2139177736449903,-0.172846011941122,-0.2430426202426892,-0.2485298059998836,-0.2955460950155507,-0.2582602773926901,-0.103810978214852,-0.1046089898828063,-0.1025268653061244
-0.1645513484390434,-0.07150962544697384,-0.1566932857399714,-0.1914501680087103,-0.1801931887923308,-0.2296792550984393,-0.1937891592455225,-0.3061471377527742,-0.4062153338189298,-0.4440242541075838
-0.07511831738656484,-0.0668392313037436,-0.06110703422399285,-0.03538546541690216,-0.1256141806589419,-0.2101445042327849,-0.2686248238450606,-0.219062481181344,-0.3309374102582299,-0.3651596031456838
0.1035905954384346,0.1935624015011036,0.04330378602033636,0.09419015213902319,-0.01816745404955581,-0.1138675874043161,0.06783874932973588,0.1432847459043928,0.2945378963275865,0.3427202845737982
0.1515158945639189,0.04944778017186642,-0.004316031356713226,-0.09687138351270064,-0.05772133970991609,0.006564043290617629,0.00424535826750394,-0.05436917772714323,-0.233863564744555,-0.2173075135712256
0.6302538225311595,0.7167825749737222,0.5299911832741573,0.3427519351586174,0.2834762663353772,0.2653278091743697,0.1945990411757671,0.3575358140045023,0.3122637027793374,0.3942407003246022
-0.2228489630690844,-0.1494303327956433,-0.1013855043267422,-0.1362485635276597,-0.08407563689318859,-0.05989944351610369,-0.1321385043339226,-0.1808897378249293,-0.2556101434013306,-0.05067701439984667
0.1127187167551335,-0.02614253570090942,-0.08797990841910938,-0.03798990848648856,-0.0537549441825926,-0.09927236105641009,-0.240692028749665,-0.3405404832766564,-0.21962993420927,-0.1416831870231075
0.3624198203500248,0.378695905100214,0.4200561400499517,0.5598355067044878,0.5897593893111974,0.5937561831006896,0.4374254038944197,0.4907948473124172,0.404824288516039,0.3629290835291251
0.08522927668616243,0.2526920904460714,0.2880348172529105,0.2595766436903347,0.2605658149424846,0.2212537140876527,0.173577255727673,0.1095473148773986,0.1387461303536262,0.1532239227669046
0.1710539170606778,0.2572275926848417,0.3135842112814755,0.2563876336432301,0.1842474984601589,0.2405687889145497,0.2425739404063181,0.4178881121601669,0.466339863893247,0.5191812328694843
0.3352964725358049,0.02450965587054176,-0.04148811822994729,-0.1068019547066025,-0.09045403212580576,0.005769262737011429,0.04497955889601845,0.002562718455451416,-0.09360135577171719,-0.1099784472079707
0.05638576218416351,0.1364938946896488,0.2019324764301746,0.2119561936102549,0.2967057153921271,0.2625025997981281,0.03976636672038895,0.04495350527870812,0.219451465749906,0.1368901781337196
-0.09450715609968909,-0.2207819395823341,-0.1303929737986315,-0.2412738255524925,-0.272818472692732,-0.3232159966662482,-0.2778905587454165,-0.1611681289735654,-0.01969336883114986,-0.0005016065224895359
-0.3631482721194746,-0.1832690838542456,-0.3131749721178497,-0.401692231826751,-0.3905864518975598,-0.4149996505795819,-0.4373827798581943,-0.3931801823032459,-0.3529952945863799,-0.3879225838643929
-0.04367014569297169,-0.09213752090132835,-0.2019723219924715,-0.1623628547031256,-0.04482910615828242,-0.06751386683985927,-0.1465505586041548,-0.2160159128232253,-0.1210079993007303,-0.09468616341434372
-0.09772987239439361,-0.07226156171132821,-0.1492537760031546,-0.1547726851037735,-0.01832752589251882,-0.07474040219829745,-0.01416269358192395,-0.1356057313133405,-0.1660043178889369,-0.1486706836518743
-0.3717414375640772,-0.3563627600527454,-0.3540263082973417,-0.4637973476139872,-0.5132000725237257,-0.4995475685593496,-0.4379180184389848,-0.3539494346364406,-0.2942860435050335,-0.2140775165542047
0.1204562522379169,0.4265243291672866,0.4662838917376518,0.4422546291518323,0.4225548405034505,0.3385813232881384,0.2956896052584004,0.2338451572519628,0.2049033693683213,0.3087589996160559
-0.09996324463051981,-0.1608139693979999,-0.1690877183976725,-0.1283698649873586,-0.08772109872235959,-0.05478551714580149,-0.04932863041723508,0.1245156083281871,0.09984545530560236,0.08141926360506781
-0.3791203790851396,-0.4511828720615938,-0.4027123844814307,-0.3940118303310262,-0.3233603391584708,-0.2552246099682725,-0.1524184169427748,-0.08549906035905594,0.04965677317035067,0.1520678291243144
0.03244244592215628,0.06237356100314253,0.04847345994210547,0.04526550205657702,-0.1024092650349027,-0.01668001055624659,0.1729815299862399,0.1999452277119532,0.2450167455181212,0.2602616108850125
-0.01878948509078642,-0.002116786830576807,0.01725841592819159,-0.01552820064227163,-0.05841770276025187,-0.146258820980311,-0.1032216489380688,-0.09884961138976753,-0.1130473167541164,-0.08265456642096555
-0.01245346443315344,-0.09236705748682671,-0.198956118696736,-0.185030309956514,-0.2205613820624342,-0.1987468108022017,-0.2884768512303748,-0.2459531207759666,-0.1022189599486784,-0.1939107161509748
0.1187479285051527,0.1395767492416038,0.07035093848562911,0.03283552438620854,0.01171997378938507,0.2361352248843092,0.2264002145891555,0.2363990704891428,0.1361031543523806,0.207506741004867
-0.08324578629210165,-0.2459242624263961,-0.110564610323278,-0.1650191874913272,-0.1956179389091108,-0.09332324040480161,-0.1365075963345655,-0.146666984667136,-0.2141601962826577,-0.1408409802879641
0.1025584428916413,0.08729475232350448,0.07810596367378612,0.156742117612075,0.07566853554433567,0.1838293797297881,0.1586655721146002,0.2593444401872884,0.1501753194669175,0.3398304889619042
0.1313110439505481,0.1131476810996064,-0.03181082577518427,-0.06888822066613615,0.01056425468906142,0.1238689769547169,0.2269725754557682,0.2787383000233336,0.1126907555222234,0.06548214829870626
-0.3214590647902388,-0.3362204262601882,-0.3624362175039012,-0.2440225951888108,-0.09427283092950892,-0.2475065119978367,-0.1725284492369272,-0.1823487291023754,-0.1688622038607364,-0.1789623832198187
-0.5720449747548531,-0.5671525712067472,-0.516495519488133,-0.5716273390667419,-0.5476880413939083,-0.6360687460326204,-0.7505508446721634,-0.8413802739593763,-0.7973192661284054,-0.6535704002056413
-0.2006056228346124,-0.2555105604216269,-0.1730919433459019,-0.08063688202502195,-0.1168573888694463,-0.02181417785788941,0.04524258241468858,0.02486798905355943,-0.002769664356173463,0.1276556907932636
-0.04516050510492341,-0.04055007378199876,-0.1165986323978012,-0.1001967006351634,-0.1284270769918657,-0.04518366737548481,-0.06747151892469545,-0.04543096381997345,0.01639279191650454,0.07237231466757232
-0.05271963158281667,-0.004944530945038497,0.002186019823578187,0.1783240277145123,0.2921616303814621,0.2229546731545883,0.1605524546133941,0.11996456130817,-0.1046640735046302,-0.07664616693340501
0.302028177387607,0.2573968869068999,0.2764178331902633,0.2323721018570789,0.1024326152394392,-0.02395990970970398,0.1295103843170211,0.229144531777921,0.2628925770570745,0.2595404844992706
-0.1131748862667032,-0.04046834679391388,-0.0970000885156911,0.02975131939379375,-0.01499714274288428,-0.05968088689229037,-0.03738406091174492,-0.02076501021694954,0.08541126801629007,-0.06624860748047919
0.3180684047243633,0.2864260472118727,0.3226548444917069,0.3894427579797078,0.4420441588250132,0.503892823509584,0.4197787131437202,0.1897436086894833,0.1730771229402233,0.08376739120543455
-0.1056828161340661,-0.1946775706447071,-0.1708408622280769,-0.2652834573338848,-0.3400788737621416,-0.2258620804191578,-0.5190510883011483,-0.5436742669865177,-0.5683516398686737,-0.5244310394129454
-0.3023017999704571,-0.245936684993654,-0.1865830346893559,-0.1897150652372307,-0.2233558799436932,-0.2599598465114397,-0.185881217726043,-0.1901820901588841,-0.1957991523580803,-0.1622360420346317
-0.03842529883169923,0.01461306671656282,0.01468319610997633,-0.0001056638901849316,0.1998665879493574,0.2162915376770051,0.1033107694246169,0.1476641054569646,0.2059280126975379,0.1775712572674357
-0.3250218167474198,-0.3293441163721667,-0.1732885345762548,-0.1189298889718463,-0.06793709203368603,-0.08526190471661814,-0.2458232949033994,-0.2124860261262813,-0.05052183212929243,0.00289471060360261
-0.07767159114674144,0.04991275417395314,-0.100363277974864,-0.1997162718495152,-0.2673737458447557,-0.3247647154317092,-0.3587810428810803,-0.4723407180794304,-0.4884636001424034,-0.4638247007759884
0.3084956585949712,0.2228576352625758,0.002707244150664759,-0.02585640405476587,-0.1669035944456604,-0.05447194049170341,0.01835017588694072,0.142517876867794,0.2247790195715861,0.168643268304055
0.3344692394568159,0.2750092222032003,0.2722822209571638,0.1714866213870828,0.2346173163722428,0.04443924224377955,0.1272194376141488,0.01034770156048818,-0.06509295038281018,-0.08020419919463814
-0.2552960365888976,-0.1476445786656565,-0.1733142549510258,-0.2489736444543862,-0.2821526143038667,-0.3614182384194158,-0.1855438791275402,-0.1596907315574978,-0.09368177711293449,-0.02690950813032631
-0.09796398476546758,-0.1761440328314467,0.0553144512247824,0.1456085771253037,0.2306355661983979,0.07934678049274373,0.04947264817443096,0.1776252073684561,0.1504904838304431,0.2963701985387089
-0.04791380554459132,-0.09054745983950428,-0.2039924487025252,-0.2146955448943422,-0.4250390349217209,-0.4009634130546756,-0.2195764945229039,-0.2703157300132639,-0.08915923779006409,-0.05720200001318204
-0.05066487608267595,-0.05199125797605274,0.02176999154830162,0.03758778226169682,-0.1311107727676113,-0.1542641625662312,-0.2414942662630747,-0.3570821045290755,-0.2481216631739685,-0.1918851233237863
-0.339130964027263,-0.4163599843527236,-0.5384057471398961,-0.3153518862215391,-0.1801427322632794,-0.272391043401216,-0.3791627319206359,-0.5345256883529587,-0.5231492029169795,-0.6266241546789743
0.002700554035536417,0.03791292663755029,-0.004054133902953849,-0.09345297679930768,0.0401572042832672,0.07122627386658675,0.203699707344654,0.2164447466038329,0.2415612512467523,0.1983536064031356
0.4211632469955373,0.1509816193064192,0.128800743028856,0.1389368722460698,0.04877700079921876,0.05754147117840254,0.1296753043239715,0.02800094148708516,-0.01417447652753378,0.05581344161731827
0.2980505114767422,0.2572847061535223,0.1582590027342424,0.06761041966441084,-0.07970925270339846,-0.04411428034946921,-0.09850194381585761,0.02082259302970608,-0.1067052845059214,-0.01381265111265122
-0.1441566474124414,-0.1459605273117804,-0.2503022347342428,-0.2645575157573732,-0.2773406262817401,-0.3601684235388088,-0.3468511472170984,-0.3982618671580782,-0.185566909762835,-0.1562627469926971
0.4555144287310703,0.3589087477228243,0.3267970776176076,0.2402386667006743,0.1953673724813679,0.137900542670623,0.167632057191385,0.203086417361527,0.1057846056191354,0.1093373569087089
0.1551300095009392,0.1892046007852989,0.1270940157461246,0.06087485507382739,0.01343864816774152,-0.009485797182889957,-0.1883888962894132,-0.1553430076276966,-0.07717578163239036,-0.07314677959615323
-0.1839985247735078,-0.1108009085238766,-0.165378859951902,-0.2272588760219751,-0.1592546052753635,-0.2117756960887287,-0.1748977839296357,-0.1253073590511332,-0.1943721108337677,-0.08502471535593377
-0.1773065873884582,-0.1179053996348509,0.03541379612689525,-0.08972518940464586,0.02945301184738239,0.1692086867045212,0.1936012207241176,0.15416945634749,0.1014352553321226,0.1351117873040106
0.0103947860693962,-0.07582702623174857,-0.04636980448338991,-0.01307546856368609,-0.1009799393232848,-0.01523404865506932,0.05161449746724679,0.1442787204581122,0.2242536574882684,0.2401469410130911
-0.1905915139711605,-0.1368173753847335,-0.1026248998716841,-0.1353423674516034,-0.1340046837909596,-0.2158962202866317,-0.09400997765519692,0.05647130615162994,0.1333447620673897,0.2248990815116462
0.1681972065695977,0.3259900702990116,0.3405835016282542,0.1770158642568021,0.2020617628278436,0.1929437385934501,0.1852672599910029,0.339750783609839,0.19941438640798,0.2186958746158321
0.05906833978924157,0.2541442892746961,0.2348808697156632,0.2023350557168224,0.1014981666526055,0.01868623000311866,-0.007979620328000557,-0.1478709863303415,-0.09953860908609215,0.05243206235580154
-0.3183825307285319,-0.22780285084511,-0.1894221930573648,-0.2526433648410418,-0.3679219146238475,-0.3685927610559209,-0.4876080450880977,-0.6331250221401783,-0.6873258061086261,-0.6315637202260624
-0.05412734257083895,-0.04440797662560814,0.04018651142248812,-0.09504679917463776,-0.1093789166014515,-0.01691261206899093,-0.2721310669154609,-0.2512880663071714,-0.1933428518468303,-0.1662674501622497
-0.5366733364767751,-0.4135212824117971,-0.2248406738367294,-0.1825922568123283,-0.1386016184922859,-0.038485170609676,0.002145073205727471,0.09598381091308632,0.1788220149965541,0.08837193245261693
-0.1660609453166728,-0.2900618574050232,-0.3005566816696766,-0.2491302302736098,-0.1794977316145031,-0.1948944678213073,-0.1505792433530055,-0.1451279365379285,-0.1698822352612429,-0.170777942860617
0.03039680780479532,-0.03465928116315958,-0.04406534481965972,0.01483674202454757,0.126561741254093,0.06023404056566746,0.08503566171944592,0.1179676940722296,0.09239914796786766,0.1318634186914498
-0.4931521755123847,-0.3285785166319425,-0.2384540475436604,-0.1929409122758559,-0.171918041657131,-0.1237446876624922,-0.1065974126146596,-0.1335857689776923,-0.1355428028022972,-0.2385268546702307
0.3058069885830879,0.2488615021918781,0.1192404461403922,0.09792900667874055,0.1361248785003151,0.03921607498051659,-0.05013497510764677,-0.09748178262406534,-0.1555908955478623,-0.04401326053933596
0.07570468521354054,0.07231675760972424,0.2139335678111581,0.1931786565475729,0.09722412521621507,0.1678497460504835,0.2255552967517291,0.1671663369491495,0.1025445198605056,0.169755080224955
-0.1478740484762071,-0.2636270189192461,-0.3084900855142603,-0.4199026947364879,-0.4836386328614902,-0.4193203421996545,-0.3035060138556532,-0.3786317759808362,-0.3377930800536315,-0.2239087250517045
0.3347142792268737,0.332071996648982,0.1925909829189009,0.1947292342499802,-0.008424222207325669,-0.06004329533820514,0.01224661121990767,0.1233424295359466,0.1341743271371127,0.1605468363834885
-0.2207291695616163,-0.216587100828464,-0.2466095364040796,-0.3262170557495165,-0.4592526579348393,-0.3253403993158381,-0.1984839564580208,-0.3799070892742212,-0.4012060709418037,-0.5275449392372866
-0.1761027237847813,-0.1649113806070215,-0.04944000877035853,0.0554175620874283,0.0402724219547728,0.09533884247894668,0.04107703209907251,0.06263676392366943,0.08008301427514335,-0.001435609579260729
-0.3175293094842573,-0.2891327427374317,-0.4046870381092554,-0.4010144361088384,-0.4381925996113503,-0.2722271963168338,-0.228921445858314,-0.3161155360095151,-0.1875336639824061,-0.2652080723983106
0.1717442376080961,0.07582848798520249,-0.1248648876791033,-0.1289345782300168,-0.1854616918023497,-0.1013546560012094,-0.08475209198442443,-0.03987660886640622,0.01042105605673881,-0.1200799663246307
-0.3304067110950926,-0.1820573823869751,-0.10694784705532,-0.1624303772924813,-0.2975490778455815,-0.1077174733068759,0.1913025401263989,0.2063798608578155,0.02924189118654416,-0.02530080864431423
0.05350409378012565,-0.003261876087097798,0.1315130378235675,0.1030472628233093,-0.1060787697456708,0.08187401944248852,0.1020298234689281,0.1394029960729926,0.1643440094037641,0.104126898229006
0.1212696292746101,0.09905280709962078,0.1109502159133082,-0.007722728710675777,0.1607521605782904,0.1947953642186128,0.1320528806508824,0.1177598584581098,0.1369961800129246,0.05115596297564455
0.003219533425492046,0.2081017432420863,0.1095908203531585,0.1061160274921795,0.245931308065762,0.1394893890777092,-0.02506720607580472,-0.09195216033440885,0.07240495275330973,0.2648764487628064
-0.1154349787661191,-0.02835912319475429,0.1308670176903374,0.07099417836046754,0.002798650070229983,-0.02689316084489472,0.03359811321795902,-0.07873842707879224,-0.1670473354876316,-0.1805726051530149
-0.1154733178445037,-0.2176073946135848,-0.2634570504824318,-0.2747184864936444,-0.251987791030551,-0.2739775295335495,-0.1993305361620793,-0.1928412989104462,-0.2370452700493482,-0.3083063531427301
-0.3895109729012856,-0.3767322991108387,-0.4846262622617886,-0.4180553120188403,-0.3798417021722291,-0.2392778992910445,-0.3669042564061508,-0.2971364036165808,-0.2819751275916381,-0.1876370305713614
0.1086720903551701,0.03511102112079253,-0.09747247267184514,-0.08633300748305413,-0.08126629443269703,-0.03593828808980396,-0.09168359277727717,-0.1421821344869726,0.02176099161860555,-0.09609798021224171
0.7742229071889279,0.6078523792183075,0.6328186170909029,0.544941066631737,0.4269507750619472,0.3762517923729669,0.2507218933136769,0.1728010262704797,0.1183381330775973,0.04497592005592425
0.003793180223722575,0.05023588362347747,0.09993781678292951,-0.05178219795750314,-0.2448136504291046,-0.2912353686828629,-0.3867991940702886,-0.4194377191658862,-0.302042939422671,-0.2357397140922746
-0.1932099369031822,-0.2041051795145407,-0.2642516352922119,-0.3471946471521153,-0.4807814291674207,-0.428996631165598,-0.210822942247985,-0.1222199089887844,-0.1112089856993295,-0.1713740562210075
-0.01427266201549764,0.02070803417818657,-0.09111039023501444,-0.02696923765462964,0.1371097394390964,0.1930135806748335,0.09777555728398878,0.04661486187831034,0.09281385955909852,0.1582355788741025
-0.4779766731453113,-0.4212667346591726,-0.2293882760152605,-0.3726965463349154,-0.435634563707148,-0.3800156201271766,-0.4262439598463283,-0.4168871601183773,-0.5074595864672805,-0.3889941453737256
-0.2917264346614817,-0.3579066605546815,-0.297483689116487,-0.1606723032519539,-0.1214954762165196,0.02797828054988175,-0.06896473465392779,-0.1194139867879688,-0.06019247285377392,-0.03585305497141018
0.6592006205320424,0.5057784911134919,0.5242243019792107,0.5505702519600481,0.6229045394970373,0.6599177784237215,0.7723962862206957,0.7182179670386692,0.4470831802255849,0.3829178081112194
0.1716616905593825,0.1316908276143362,0.001654728266536697,-0.07856319210520399,-0.1342660957720512,-0.1569417251579381,-0.07064676116907145,-0.2040749391625176,-0.2985691663104735,-0.2992265593960625
0.1771131354119815,0.009107073405804736,-0.0706767317796063,-0.1227850414293918,-0.1054030627225421,-0.04990610553374578,-0.04684336321420846,-0.3212107087813397,-0.2783765887909037,0.03513950154643864
0.1269708171869224,0.02058220262631819,0.1126926323935138,-0.06855721354852948,-0.2874120983535975,-0.3993725371812941,-0.5137029774136629,-0.4896957056291737,-0.60272621816748,-0.5447298685521753
-0.3113467339737113,-0.2538157441963289,-0.3973145529737268,-0.5753887685063062,-0.760427605833934,-0.7044662002615788,-0.5577697954471007,-0.6572107142631772,-0.4198973402657177,-0.3409145510538134
0.1745726075718921,0.1460054246949818,-0.04021474059708015,-0.08343357256876327,0.04748815661425151,0.06199429255920677,0.04021082022684587,-0.04457107155141174,-0.04390820598303414,-0.007210721423746475
0.02698775977893264,0.1758134337192956,0.1057349870299753,0.08972448134494369,0.1745936501614284,0.02113462006025084,-0.09728471042581793,-0.1370791960315572,-0.154087125301693,0.04745349686492806
0.006899712836042878,0.09349794205290957,0.2062978812725752,0.3904832821284434,0.3340114519512318,0.1380484937097054,0.2796456654113695,0.1850710296459235,0.1499142819822112,0.1100399828770501
-0.07498655581508318,-0.04101655091304362,0.08016018252637044,0.0253403660474816,0.1999296543363089,0.07251507288186301,0.142491897184774,0.1803664040453758,0.1900736447253921,0.1634609937608072
-0.09684304158877836,-0.1010889319376024,-0.09611914493681949,0.0799972234372802,0.1767162537019258,0.07553403024027007,0.06670315082682574,0.01802550600626119,0.01092014632118644,-0.1139899513827173
0.2909314980156939,0.2214704637516094,0.4116932193025515,0.429814888683325,0.3541069814657687,0.2104971289625154,0.1508326968377477,0.04870470263900528,-0.05101219544262179,-0.1834230232243068
0.279942449500192,0.3797233489878025,0.4760197811191612,0.4818942568786031,0.5404436377575751,0.4673305061596902,0.4534278739962804,0.4960092392674019,0.5612427119412748,0.5242923284137542
-0.2026410236272408,-0.2835307629053267,-0.3261138511209368,-0.3194343784296227,-0.137742767019699,0.01020192817706331,-0.174895737855153,-0.0927582216020526,-0.1327404089667542,-0.2622614468781241
0.2344115198532066,0.07702312104079084,0.04183353041086132,0.2160762397928625,0.3188523368722014,0.2269326921228181,0.1938473250541594,0.2419520935650895,0.2167511801513091,0.1077551964399357
-0.2966855245789685,-0.4510975582274283,-0.3213252443172604,-0.2373900386220564,-0.3094230182192571,-0.1108600965496133,0.01395315056740396,-0.0519318628137395,0.05974566243377467,-0.01376468197644052
0.2374271726276704,0.2857744550514654,0.1674913600425981,0.07835563973059688,0.1694716738124569,0.07597688980236629,-0.0541923095676376,0.07404301287779522,0.2270838460354943,0.01239263658792671
-0.3341081996651232,-0.287650030367844,-0.3087888168908733,-0.1447605828606315,0.04503079887084302,-0.03448729648343947,-0.04448930186232018,-0.07711045066472605,0.04317954459956748,0.0117469913447574
-0.1649656442627731,-0.1463595424050655,-0.1330502986179763,0.1434784513604221,0.1509469633535143,0.2169043741682938,0.3741852422728346,0.4070643460155461,0.3561427159846413,0.4239546089258708
-0.2309839544573806,-0.1947551509941105,-0.2045844599335048,-0.1806229201340518,-0.2135730112226111,-0.3845630004555268,-0.326963625261211,-0.2631206512607054,-0.3939897289106905,-0.4285274401909097
-0.4894209653249267,-0.4894623149050715,-0.4159401596163924,-0.3083925042943828,-0.2109496919731973,-0.2294151163634127,-0.1035437260403436,-0.09845152828906313,0.09312215707325742,0.1453696887083464
0.2820551035679927,0.2300765301750535,0.232101581568092,0.1386688842218199,0.07612062366513485,0.1729829688650167,0.2650089793338554,0.312169232119228,0.1151728848385441,0.1063921942268697
0.0728812618139839,0.09848280432649076,0.03695817915196848,-0.01627946320231406,0.1125429459070915,0.1040710526844456,0.2069380475228981,-0.007619458900527148,-0.02999376514879021,0.1499186819216576
-0.1222222131076767,-0.09290467161802352,-0.1638708393957774,-0.1828916152723234,-0.1818114538218099,-0.1185500293535077,-0.2282015393611617,-0.1669427080180257,-0.2400894833192358,-0.3478473480054624
0.150265313305034,0.1910945743468072,0.1998873647622936,0.2050661669546261,0.2761131981365172,0.1662517321158072,0.1722528744872436,0.1289333983617592,0.1127101559125936,0.1149871199084708
-0.1324607138804786,-0.1899104036651462,-0.2789511709721733,-0.2486382181572543,-0.3018658316931006,-0.4032619439703953,-0.4179013224198125,-0.3093909167350239,-0.2046397342644254,-0.3356986355423701
-0.3136848557362785,-0.1852581193719287,-0.1619416699887206,-0.1447865358747052,-0.1134203309621769,0.07864178110061079,0.1874013561016223,0.3030317483331092,0.316694211976577,0.3093777380092386
-0.3314750855573218,-0.3102468797094182,-0.3265795018487033,-0.3700319344598889,-0.4562455836633874,-0.4461549218380212,-0.4287138891969952,-0.4438820651326644,-0.4733274883054005,-0.440162418573641
0.2411347808265404,0.1984918551577749,0.08610637605248329,0.1271373990375254,0.2230223291997353,-0.04549918666557008,-0.004490187684702295,-0.063610297853505,0.08082030338397167,0.2553739931874732
-0.2496467885326286,-0.1036874798493654,-0.08638466649863576,-0.1809500170492126,-0.08389777132719867,0.08661841184402247,0.1776047341691111,0.2805715653773503,0.1493046700676472,0.1703810419926145
0.260397037957414,0.3541915987075304,0.3680569184108176,0.201295801692006,0.2701787703187407,0.3138853853215943,0.1948095549511265,0.1961012749755896,0.3776947279933776,0.4129810780257511
-0.4169870624355761,-0.4470801542994867,-0.2396857638403699,-0.193651503795462,-0.2312139376987394,-0.2818578824885301,-0.3072078149032135,-0.2037064322367697,-0.1408607288695424,-0.1151431077932114
-0.3477667759480518,-0.2375033277321646,-0.2178463547476875,-0.1712223297883011,-0.1243134446861398,-0.08318251282791858,0.04079770347628937,-0.05753065127764415,0.06810967079121873,0.1823448903129439
0.1375991476189857,0.1955915510145186,0.2673583533896022,0.3466005972212383,0.3740313648453318,0.3233828333014362,0.3008587230414601,0.2393991697157851,0.1343576613324611,0.1478529407500688
0.04245571150365993,-0.01982476962804077,-0.06331995938651062,-0.05693579084174354,0.03910971822445983,0.03405308598446673,0.0603778919823251,0.1326792565648436,0.2138076919039672,0.1844929094452124
-0.1617231305143288,-0.2000520314221831,-0.1157758470523724,-0.03618826141043832,-0.07766374542947777,-0.09422961126840043,-0.1482579157707429,-0.1148621558589531,-0.3298182299453317,-0.12737502069653
-0.3967434213918564,-0.2938624856832259,-0.2566139010827897,-0.201420949200569,-0.1620941463762288,-0.1440190817499706,0.01471546533776471,-0.07504901720850901,-0.1126062476061663,0.03159005485656742
0.2249931242056247,0.3420984275471383,0.2700897542408726,0.2357342079002807,0.2678151470610267,0.2942858576637558,0.4583175863466901,0.4437095614448839,0.4611678359726967,0.4863184345546737
-0.07931168811300628,-0.1389232070012927,-0.1719352390047445,-0.3129278556913027,-0.2191618892524758,-0.05131229037549294,-0.1231309627905012,-0.2290777642757075,0.005914096856025166,-0.0322729141360101
0.08711401244611473,0.1474288429039026,0.1224927054837983,0.1815815939642364,0.1840589457530152,-0.01757759720714825,0.1718899389623973,0.1612619633873914,0.1886910776519282,0.09226199518785494
-0.2954144599544899,-0.3341431344477672,-0.2661861064003147,-0.2099924172761804,-0.1352257097532837,-0.136071134410332,-0.0793658380558606,-0.259362806530275,-0.1382005275914128,-0.1356229160893805
0.1082399394281422,0.2839890040645103,0.4274387533901419,0.5966748813179716,0.4887363784725547,0.4835472213626943,0.4945665115339628,0.5219003468415547,0.4451956306261083,0.3183461417627864
0.312573616897205,0.120672591165169,0.03705940980971505,-0.09636565473857302,-0.1606737811076651,-0.2519414713882736,-0.3340308538101638,-0.1965034581147927,-0.1379728404813039,-0.05551569935763046
-0.2815128705447312,-0.1624836018455962,-0.0876007169773847,0.00400428483388808,0.2057399404471473,0.07105957547281089,-0.06560818386348259,-0.134929097791143,-0.147371200177383,-0.2727601287173118
-0.1098763422876714,-0.02985110701831293,0.1852714504964385,0.2264486009234068,0.1318185203930709,-0.1110301726773777,-0.07578193529401475,0.1421226951231298,0.05749767794271611,0.007551133112557714
0.2151372005104244,0.3221758456790794,0.2479916250690814,0.246312540200998,0.160985473520588,0.06945608357750641,0.005531829466356629,0.04107713245564361,-0.05745388907728744,0.04897079355358286
-0.1125600509551281,0.01123804660342243,0.1017589647151686,0.1198161290076004,0.07417922356640781,0.08645111881599203,0.04000506994716778,0.1449107750877338,0.2318617451190738,0.2191954922297341
-0.2201691799107064,-0.2360178994266212,-0.3578815666545644,-0.4367730437686641,-0.6083871162913495,-0.5007351738026217,-0.4120202440743221,-0.4842740842125526,-0.5470420250594826,-0.440207596545108
-0.0323080133072922,-0.1190255072289753,-0.1320946742718156,-0.04380469250832424,-0.06426792554579611,-0.05081938250720084,-0.04905872772046799,-0.06084914724695981,0.1488555547171522,0.04816265894928579
0.1295965692242596,0.3482692525790417,0.3174307612081405,0.3764396788240247,0.5070210404971203,0.3436225345670916,0.2769962935659054,0.3073128613102942,0.2564105094840431,0.2192222784574708
-0.006203429259017699,0.0432864605683423,-0.002673922657150465,-0.00759600948645722,0.01932780954440665,0.02242541602653762,0.006188298598159616,-0.01026757864833365,-0.04691168451808696,0.03304453950717055
-0.07549969707686095,-0.1503390674388274,0.01208773488208564,0.0476851824294849,0.1401281598179735,0.08947177763025535,-0.06887780380277737,-0.1513030877418922,-0.1861572280303123,-0.2613573031006319
-0.1024891753780536,-0.1985840153090713,-0.1559033523122143,-0.1204307624983998,-0.03348350371150011,0.09103744055147804,0.03664357497468935,0.05451890110380911,0.1090291436800833,0.2023372544273226
0.09792063736982763,0.2191402921679581,0.3648794300509079,0.4706288657844342,0.3749858415537728,0.3327127903273986,0.2811014992195873,0.1415438611694472,0.09178475852231234,0.1499059267630296
0.03929744190882316,0.1910508529440809,0.22413081069708,0.4090466537197701,0.5210828577774056,0.4386070858927288,0.3296097561207181,0.3713682312824839,0.3409616690437506,0.3872879064950557
-0.4685170542829542,-0.5789622741031744,-0.491326459957947,-0.3775979036343712,-0.5095695693871469,-0.3141593223326346,-0.1595393635678203,-0.1746960368013637,-0.3120801321313772,-0.298842076769364
-0.1456750248200116,0.06392095470725394,0.1848911573520851,0.1297189766918801,0.1778530904544771,0.271854403484845,0.3624775151325686,0.3437118796483978,0.2571284828156395,0.268627430503468
-0.4385849408429552,-0.327571859852521,-0.2850666672054973,-0.2256592806184797,-0.1375221623949125,0.01812324060812798,0.1635642638736487,0.3150397751022253,0.2779543735080491,0.18305147257012
-0.05480738737695217,-0.09389410686226046,0.005302580699749477,-0.1688184778279977,-0.2872765782674269,-0.191730045638604,0.02243962473375041,0.06778781866269705,-0.02290390528185153,-0.2232986245027042
-0.1196721802050391,-0.1739657763389161,-0.1044768376328051,-0.06618273918383002,-0.06537767190544816,-0.01426992688834955,0.1126788258246816,0.2927219623152991,0.4490867032867072,0.3700282375367397
-0.2283439721329594,-0.03938357294791228,-0.02515863597941317,-0.08233386568894156,-0.09539932229602918,-0.1536835226487762,-0.1696971031890104,-0.1511476255350174,-0.04808909013721803,-0.03350849326079152
0.2167175732563442,0.1471437168838685,-0.002591675442747935,0.01715534556942572,-0.01159417553782579,-0.06000523625858377,-0.1092237385062221,-0.1513312234704901,-0.223094037074439,-0.009820835255042711
0.1112599949726644,0.1333215956472472,0.1123748266873563,0.0411886535502729,0.2468615887906683,0.4333708074346053,0.442587524937023,0.3442939549392076,0.3512272927131075,0.4147162334054319
0.09480141157531548,0.1011870489728997,0.03317327767852389,0.01215803248973245,0.1250116397209968,0.2213242926536218,0.1495248891799917,0.3011276380046949,0.1168457516783902,0.04309086895360937
0.098740251046251,0.06537886489240258,-0.08137306097046673,-0.02633611361542934,-0.07534084392421347,-0.09322761487295475,-0.02509338509096164,0.05046956852902611,-0.03493426982689729,-0.05377211310220582
0.1233425486564924,0.2044150327660682,0.08032064631630093,0.009865236334777644,-0.06890035421520721,-0.02980764012956198,-0.06352581449833425,0.00589740183063563,0.03237831283911299,-0.08058826899523573
-0.04410166447940336,-0.03680589059605843,-0.0941491563375669,-0.180733440287275,-0.1768862205401927,-0.08674899896172533,-0.01410708562430399,-0.03999519657910583,-0.04772610330622256,-0.1048173942825758
-0.3376287871342387,-0.4971441496105022,-0.4412309414173661,-0.4797006700127798,-0.5875902309164764,-0.5795937046105085,-0.7277446121294248,-0.869625435312763,-0.8963377488535074,-0.6487021488660126
0.05649873504773345,0.06814519991337077,0.04035461165856019,0.1564630715816925,0.1618556600187443,0.1258635373092993,0.1791736976932524,-0.01238672855655743,-0.009327055421411054,-0.08850791784405355
-0.2249252133297663,-0.3029351988092074,-0.2380531772121135,-0.1745134927068752,-0.1750435505618911,-0.363568759199955,-0.3445317647968317,-0.3106945891674668,-0.349841936666884,-0.2731851820317034
-0.1432413066340605,-0.1759120903823515,-0.1220704058074497,-0.05353350947238088,0.1596500542472074,0.2183193335963087,0.1893841530228647,0.1303740832525124,0.1741699235346816,0.1201114337648393
0.0206465801967281,0.07130131263608294,-0.02652931141208834,-0.1655380403077421,-0.3176469957637366,-0.3544949313856699,-0.3582827359421465,-0.2744971214315625,-0.3370012064809798,-0.4214641827543961
0.4679891507365155,0.4885707629582243,0.3453514257623037,0.317775018868624,0.3634881217095004,0.08126304906368398,0.000804452163882325,-0.03491019501399535,-0.03502346194052452,-0.1089042950466722
0.2745974991590656,0.3222699361490793,0.2920201849669583,0.3355885504424623,0.2634563219777127,0.2387216919651583,0.2356250523340735,0.3352507697924503,0.1864468696007237,0.02893590151593353
0.01901321375832998,0.05157381716248059,-0.04193667284252749,0.1581029532235304,0.01958237869964606,-0.08944757683782925,-0.02812780174165641,-0.1501818822444767,-0.2034169007353746,-0.3713701873845163
-0.2105714934115955,0.09156738637320534,0.209597122896634,0.3165379218808189,0.1968660658934473,0.002158285273063326,-0.009145226587818718,-0.1087139102299023,-0.2839859905085442,-0.4165518966695586
0.03850245541942648,0.1036306908791315,0.0454537814604412,0.1685397632570939,0.2852959049734616,0.2885978732910701,0.2151520804860649,0.195926285380214,0.3086235345357197,0.2887633823346007
0.01824653449147219,0.09099910293393075,-0.02556831977497729,-0.09041981126259004,-0.04968778190647399,-0.0819116027754655,-0.1374851500146231,-0.3186224553486229,-0.4270703485576565,-0.2953006790581154
-0.2000000317533014,-0.1184298088864437,0.003903348171209957,-0.1304118516582147,-0.06765083848266518,-0.1362021408672792,0.03793136599066276,0.1693392370279403,0.2394945245087975,0.2249391027727553
-0.1731224063633004,-0.2935109733663853,-0.288423932600929,-0.3019721532026042,-0.3263151123920939,-0.2704653825084011,-0.1310065538110002,-0.1012176594623738,0.0137954155539958,0.03841736943931863
0.2906014115846627,0.2947836813645547,0.4063309240167674,0.3275109075646948,0.3858694123902622,0.383205790471589,0.2284229083858271,-0.02577397680028737,0.04988910194277112,0.1159221764326779
0.1853408365921567,0.1960829942173581,0.1495652595670626,0.1342291417123331,0.039061223285484,-0.09487022330553851,-0.286399315384429,-0.191250274221218,-0.01703294433924074,-0.04452627962228336
-0.1845692388588757,-0.2583142937913686,-0.3455674621120701,-0.3245847060950027,-0.2143738799354306,-0.06586203838558803,-0.03309987142437343,0.04000095088165895,0.001686979702065498,0.212147650242819
0.3106084962195932,0.3098162427257801,0.2441663000272024,0.1675692442084478,0.003863487609806104,-0.0908113746098925,-0.07360206138590103,-0.04654802374491959,-0.2775872110807326,-0.2829198283417078
0.2340828370134701,0.06682702051037819,0.07542172777045263,0.09578839622917572,0.1402554973248055,0.1758605220314159,0.2125707165352363,0.2115394512447477,0.3131916351080737,0.3941273066741026
-0.1362273341527434,-0.1674293900892236,-0.01017048863249658,0.174966513569235,0.2931493304171035,0.338353205536598,0.3602439370374996,0.3939871790572275,0.3324469124817889,0.2808794532022495
0.1014145931386573,-0.01889480977645754,-0.02463559371744718,0.07683043391943822,0.0005459619423084025,0.06842612099711406,0.1554011566438776,0.1014702245660864,0.1614845626355701,0.1993476050166917
-0.00733333052043667,-0.04264431237766449,-0.1871673326814309,-0.1084726860370372,-0.03524359861250369,-0.1192779996369347,-0.01925127307215505,0.01177209458530854,0.09800406618783344,0.03656239686944177
0.1640939611862795,0.08200177774000451,0.1237888913971385,0.2602279675562036,0.3151452312079078,0.257999176393616,0.2245637980645016,0.07106284502202295,0.001479944815815917,0.1172111147263891
0.03550647298489252,-0.0266066288504877,-0.1436163602364071,-0.04615877235136711,0.08248648206542691,0.1507479458646414,0.2870313503101571,0.1553743281401428,0.07915968028463227,0.09505050528721079
0.5014952360290298,0.234418894381945,0.2413858301461242,0.3143555491316581,0.3890527336602869,0.3644002471487436,0.3622343140393012,0.395660089608545,0.4717902800865981,0.4147534181706681
-0.3094257881253022,-0.3039449503880499,-0.3613001532025797,-0.4703314195856906,-0.2684873593445428,-0.1827724875776527,-0.1377324702858833,-0.09176743384405585,0.1029700932127445,-0.02272725150763475
0.009386721619773778,0.0128778017778715,0.02856408621468185,0.190812237223864,0.2451975275433934,0.2251574385956177,0.06494837943970286,0.1204569155050627,0.1991123168552285,0.1563265597977177
0.03330660014377684,0.09066212498204816,0.2566192704796493,0.2424915751568411,0.1830299068873359,0.0244188093169421,0.03304586740738667,0.1108086180026164,0.09845036101719647,0.1697610285995829
-0.05424461049646518,-0.2495084062226408,-0.3052469700590862,-0.3037016973434732,-0.2867543561108108,-0.213240198202523,-0.3102801685097714,-0.3657721250380508,-0.3724439525645424,-0.436509465861704
0.1600016905611221,0.0322979524464431,0.04331622347141738,0.02404704353694721,-0.03852758131921744,-0.006350757191537236,0.06343080119956603,0.07471504955599031,0.02619227692162719,-0.008366779521627035
-0.0009902578339805821,0.1256084547757099,0.1476113483146904,0.07854710391282663,0.1063285421997483,0.04225829336423365,0.02895634876902687,0.03096528169119842,0.02807607348753797,-0.03029546767799282
-0.1573973799464403,-0.2883261946235722,-0.2822480081232111,-0.2519855478903165,-0.397329318872629,-0.4623735658982414,-0.3950953159611248,-0.3503827347135379,-0.242197920004739,-0.2083690703070612
-0.240955413722346,-0.1118038402226632,-0.149281152044539,-0.04802221778452879,0.04898745259200776,-0.0001679010780853332,-0.1027728657404311,0.02049373805274017,0.1151053938825261,-0.03514845133319563
-0.1757690425604096,-0.2780545142259518,-0.3434051227759135,-0.2328469906667678,-0.1528896150381619,-0.1519170054377167,-0.114173821176894,-0.1677540440376066,-0.2159970381739008,-0.2425532280478564
-0.008882978216081278,0.00714289954910184,-0.08559625069220855,-0.06805788624091023,-0.1964517690436809,-0.238708376306478,-0.2131933726965616,-0.1601187871486894,-0.05874695502455368,-0.0255321718321355
0.1765569129450218,0.02661025394885685,-0.01797284370028819,0.09939357559304486,0.185215350271142,0.1266686395819085,0.01360529683631542,-0.09221516490291741,-0.2880173981216541,-0.2107467859151934
0.6535607023413592,0.6512894619650199,0.4910644895052092,0.3924686976450779,0.4303801087418674,0.357697083657791,0.1855121424511384,0.1355390920697432,0.04568615738517222,0.07558625236313571
0.3300759737453219,0.3921567613767311,0.2567482524123616,0.1535496427299886,0.2593721334318278,0.1049177046469308,-0.03095501269396156,-0.1024722784097344,-0.2454115658176464,-0.2958149046328291
0.1367260799215053,0.2917656665845387,0.4146620276665607,0.4387668777359255,0.2665165980926191,0.2032211868830276,0.2146643735592781,0.1068406324869036,0.06422671844430551,0.1268149167779184
0.1233347121142692,-0.1079687371835032,-0.2764394063995114,-0.2803925050016453,-0.2922102143655291,-0.2695024732577804,-0.2648396866772879,-0.1868585824768118,-0.1076417532428335,-0.06732556719927488
0.2611495714899292,0.3721817355080873,0.3434523512420277,0.3900594905704095,0.4844799282206955,0.5184564052066877,0.5247482509797581,0.3776228219029381,0.274979801554633,0.2435970603916192
-0.04512221031118794,-0.05807223252127317,-0.1402959531191444,-0.01981764492906826,-0.02211942025680205,-0.08955023935960429,-0.1394457178654336,-0.06415605458443255,0.005950130164668735,-0.04430649589091926
0.3257338793700573,0.2122640011434293,0.2541363227794083,0.2113875126597671,0.1216000505773272,0.07526928476913289,-0.04554670226047282,0.04496093527250132,0.07386399295557029,0.03847968956553669
-0.1047658198853569,-0.1985910510906396,-0.04284075904249043,0.001880323819773707,0.1648299674736588,0.1374990028472482,0.1388132802807466,0.2807838555797578,0.3426802421532492,0.3250235965690917
-0.1278982787579347,-0.03251609721817557,0.1031752901318384,0.1851637984995342,0.3184966843725826,0.2086841297374131,0.1400833523692216,0.2348856033919944,0.1359059221686257,-0.008018588485172841
-0.02399212590686842,-0.003292482634097275,0.09635444415682121,0.1652823519813628,0.1900737278539427,0.2030601561137156,0.198880701983889,0.2397850455378767,0.2952292475584389,0.1810730757499604
-0.04972766715503475,-0.08623873339044336,-0.08488491715005156,-0.002093912509414372,-0.01223752680476656,-0.1641019749703057,-0.1306783836626095,-0.2363875354553752,-0.2474090880294301,-0.2511440481587862
0.4494289246469309,0.2700671167436136,0.3086603966041921,0.3457489648679173,0.505164957377564,0.3954254001965053,0.253735840944328,0.060091594076478,0.2132845202493339,0.4805073000664501
0.2247744998235929,0.3211752592877644,0.3602810272155331,0.3753160967210493,0.32783710009536,0.295867318355963,0.255143428691689,0.2633657023480014,0.3042235080402192,0.2493352978360273
0.235608231915259,0.251539586439173,0.2504143892906702,0.3260835236766249,0.4002097278523494,0.3746011522666325,0.3866039999892432,0.2909589950391439,0.1176666883788077,0.08487881323292315
-0.2775096627718329,-0.2172204372244624,-0.173459688012927,-0.2056629817715897,-0.1976343279336822,-0.2734976962814885,-0.1341586839519354,-0.01680664485994358,0.006789438517978879,0.1202893484060215
0.1903326112593889,0.2900101346396901,0.1944193609405188,0.2993838310557642,0.2518504029832148,0.1463882298219637,0.0598564840056348,-0.00050684099863086,-0.09868456994857572,0.1177879544560541
0.4756488005745675,0.4644058522143429,0.4239593503919549,0.2359295059472019,0.2128253144115782,0.1607974120248923,0.2654910367929971,0.2236984271612504,0.07011245368594536,-0.0491788035524883
-0.4037935006456038,-0.3644356054382477,-0.278468391268768,-0.1492073479606439,-0.2374276966312242,-0.1999584127397796,-0.1519707041548536,-0.1357963134116886,-0.1815082303429522,-0.3265672640148039
0.5644671519347094,0.4169978939978328,0.4335838443557751,0.4361442449168011,0.2056896770040079,0.1453057511030381,0.1010788384984217,0.08981406105044698,0.110577405392552,0.1511635906071428
-0.1385622321636543,-0.08786988401551971,-0.0490910089259427,0.01639570664472147,0.07359520849127174,-0.0115191743163447,-0.1243970737431376,-0.06797639127535668,-0.1471540029770642,-0.2704873622270476
0.05260142397759141,0.2967579771928551,0.2899721039432746,0.299002170987771,0.2039235418969453,0.3016187541365857,0.3736414929455443,0.5258210332544399,0.4755045204208865,0.3505630486292265
-0.09055167279276255,-0.1197756851901205,-0.1821193399272,-0.1219298306635111,-0.09130955344440964,-0.02857659256034391,-0.05678128935086357,0.04477903644791173,0.05696868480366878,0.1518373520028657
-0.2264596668908438,-0.1152622186617862,-0.2685759676060653,-0.4602136839922428,-0.337054753481187,-0.5631308706901139,-0.3795642305195592,-0.3038830868255894,-0.3597025490835448,-0.3393388347754812
0.4434409150230674,0.453604298545861,0.3873783494935085,0.450578111232528,0.5182896121636834,0.3949987162285881,0.3248815234593215,0.2620679614672352,0.2860016380141179,0.4259696281608249
-0.1032612230975637,0.1196371135733053,0.114319500837305,0.1759448773291706,0.1177957393496799,0.005609822303502456,-0.1172999640645154,-0.1186664655397791,-0.1021485590273857,-0.1572306253407673
-0.4540103306221446,-0.4141999935984623,-0.3836064923858986,-0.3753511255267347,-0.2238081353287275,-0.2514778456972095,-0.05004666493719172,-0.1578235139984054,-0.1565964378149691,-0.0982818621265471
0.3714839662998845,0.3800626371545129,0.3311086687410916,0.2540087058322881,0.1821975835302525,0.1346910232267376,0.2131864393822959,0.2081940562196747,0.1080169008070278,0.169034755841184
-0.299734552511337,-0.1775672489456935,0.02283566753638895,0.0830021522381079,0.1638365514420739,0.2617786727072103,0.3825143304232705,0.3657955566275468,0.5192231029358957,0.5182722230579621
-0.1094692581280177,-0.1836918840746011,-0.2558506745035103,-0.08873543858856603,-0.1603772763019838,-0.1156016086529875,-0.1201572352215232,-0.1489053194209355,-0.08408668132384062,0.09193532848970518
0.06497425467001881,-0.01337920084331772,0.001428244404578386,-0.03875016965739251,-0.05255783456215631,-0.07418301971769654,0.06565554131110309,0.2845783696707629,0.3407617052396936,0.4100729573920174
-0.08969523406116724,-0.2365322892570564,-0.1209486298761881,-0.2357942637951325,-0.3937703672887579,-0.4019527643107723,-0.3353183263884134,-0.5553000385551862,-0.5456574833902561,-0.5205440005553934
0.2625720563102376,0.2052345740586628,0.1862003919360622,0.2453814057874025,0.2202427279385661,0.1838069456198698,0.09740358971674497,0.01566476280467966,0.03183154540628876,0.02967398259538658
0.1942296183362151,0.1436343205661868,0.07191166424121216,0.07868238965866554,0.247315648459313,0.07883515314883142,0.01136669501743695,-0.01662411079201828,0.02230897827908562,-0.04183355919570745
0.3243948606290758,0.1640071743929623,0.1729788298258861,0.07582833950170401,0.118971928667266,0.08583794547826978,0.05854629573382663,-0.01465993343702095,0.1135399460497621,-0.03670955732655405
0.05318097117394063,0.1232204400361795,0.09418078861298584,-0.05805541002600132,-0.1162746712010918,-0.06213779293406479,-0.1517289831798488,-0.0990248524008881,-0.1829061154599635,-0.09962442848918129
-0.06120954045044395,0.00429520500163897,0.04826181641470254,0.09077119625314171,0.04619407791026832,0.03914300860220833,0.03778802857879045,0.1164375164483718,0.1374721455350778,0.0934776941710585
-0.1251635897413489,-0.06430138236513358,-0.02088088329973168,-0.03830030956460051,-0.05737782454104386,0.006596385547075258,0.04149355170459308,-0.06561797516688343,-0.09614954369426594,-0.0291425322405874
0.3395022022554068,0.3031888035575866,0.3104244926991387,0.1156246380520665,-0.01116858752666154,0.1490242032472389,0.224340248078919,0.1162965073399097,0.2757495417119161,0.2675178058381079
0.04656961882514944,0.03910894757812051,0.08567250489150056,0.191490491817988,0.01797033112854955,-0.003435537030089857,-0.108777674558986,-0.126622977575226,-0.1986587357225533,-0.2132913406919765
-0.2419453169028322,-0.09825902322181922,-0.03704908058308464,0.06330724788098158,-0.0708677467039783,-0.02395783818053177,0.03415571652186861,0.1758296016688788,0.2344363267549169,0.3577856596062565
-0.3198685644515516,-0.09932487110341448,-0.1727935116850983,-0.1163181602658553,0.02099264863983653,0.05128673493587628,-0.1200361859867256,-0.2103555016603896,-0.1915974368017941,-0.2204598342440116
-0.280384089497819,-0.1128755127383589,0.02688223079427375,0.03997250898167552,0.09314638745108207,0.1555459156776453,0.1083031290911866,0.1541797011540262,0.2269076265522259,0.2165223613843275
-0.1314087180516473,-0.2990343968881516,-0.2860732590387366,-0.1957541247151867,-0.1266635121284033,-0.1096983626775682,-0.1922938260622905,-0.128295892717804,-0.07466084186588723,-0.0647196217865376
-0.3856118671705381,-0.5130847769547918,-0.4435183367800336,-0.5899784588710099,-0.6084847452901282,-0.442609323705163,-0.3735562478456542,-0.1872580358214548,-0.1644981784316038,-0.2163719033656434
-0.02629792247372673,-0.1968151142111597,-0.08039745883985168,-0.1390251730028578,-0.2453570684294583,-0.282244922125013,-0.3219658308977613,-0.1790098578501661,-0.05074827695311809,-0.1405766376897819
-0.1310463851527316,-0.1055036258519041,-0.05075565712544042,0.07670922348307625,0.00174668936714953,-0.07848071627002541,-0.04269365784089221,-0.1520970324474954,-0.21433377339406,-0.2133228320664365
-0.1587901677352256,-0.1734695361822862,-0.1396738172657451,-0.2596228518647021,-0.3436336637584679,-0.371599587763106,-0.4083857193720472,-0.3577717985398641,-0.4316964640661882,-0.4164613762967005
0.2602962030070342,0.2161597270941203,0.2817627359354515,0.236678986563453,-0.007605371468202391,-0.03655133847427244,-0.1385802816141927,-0.1542671895039,-0.2260571852077127,-0.26509729005055
-0.1129783597328505,-0.1248065843782795,-0.1656779141149019,-0.1160140795383965,-0.08622879676022069,-0.1975980664504621,-0.2002999526092799,-0.05802649586872494,-0.04330300533344966,0.002462042099330531
0.1973398402431138,0.09965714609971588,0.1319594975518349,-0.04517190523379067,-0.06257491526145811,0.003725589278204539,0.06631790650514824,0.1454431019365111,0.1773244660290858,0.143151098825337
-0.08126299159003593,-0.0256438705931832,0.1411557442306735,0.2699855967892977,0.2498646234208063,0.1539596533083721,0.09153024956550283,-0.01729244076167146,-0.02218792971119543,-0.04003580304403495
-0.1018927164665916,-0.2241746627143513,-0.2980409769420441,-0.2820127800185812,-0.1987226398363534,-0.02441795983435342,0.08423475962880581,0.03681229744734621,-0.0682474823715276,0.005034901555026365
0.05265764439980758,-0.04672899480145919,-0.2295488290452193,-0.2602190580364934,-0.2641700194539305,-0.2317524571907738,-0.1524652419404527,-0.05990457799967695,-0.09482906073607206,-0.06493848091149827
-0.1435219040500151,-0.191346048765761,-0.4120412675544531,-0.4856405066802997,-0.5163391007363222,-0.3993328627524435,-0.199846031902675,-0.08695831855695545,-0.07579370162834502,-0.1231818967450963
-0.178641768328731,-0.1110861612080509,0.008810115414054692,0.1716389642142338,0.1981145713830257,0.2712276421799807,0.3039116718197152,0.3159572491122014,0.2580271342322654,0.3434333263675668
0.1693933183381429,0.2201602572817818,0.2269934248588331,0.1349532570371248,0.2935386429684099,0.2956220073926452,0.1666853905128589,-0.07043086031131884,-0.1332765312916921,-0.1972952296341821
0.1055373395881065,0.1179231063605462,0.2224943842220634,0.1354393980535102,0.163962357778062,0.07779417615155508,-0.08116333050103601,-0.1400565043256778,-0.01578961682444724,0.127512631989515
-0.0325547483136114,0.02882096505503631,-0.02768181817940998,0.01902061768850959,0.1188646777670368,0.19462765497185,0.3073105663566424,0.2154429189914935,0.1060303397553792,0.1646207212550213
0.28495156613277,0.2930690445526543,0.2452411392610582,0.1065904193817272,-0.1105500661583041,-0.1238937091191186,0.06048229332024068,-0.08059514602282739,-0.2832106621214622,-0.2242652799233675
0.2946310583871101,0.2939632787204999,0.1545755497859453,0.2812855945662627,0.4428356903835385,0.394664575827079,0.3564342102092559,0.3455347247099254,0.192774727157813,0.01468581267844156
0.1240442119475531,0.05589842580310196,0.03485650054189277,0.08771206452299665,-0.09713473600059386,-0.1862499076637105,-0.1185773387759211,-0.09660858319651343,-0.2338002519471901,-0.1522597580795707
-0.1013554814426526,0.03800279880551416,-0.01214058826900832,-0.1626987038026876,-0.1791231949908747,-0.17565922806805,-0.2345291365628366,-0.2614291979928225,-0.2358254804887766,-0.1678856404695496
0.0819937695713825,0.0558394710120632,0.04134940790372647,0.01027958552266948,-0.03555359451854155,0.1944527510001214,0.3261216882833017,0.4087766882680664,0.3912762928782568,0.3597517371024827
0.2308355374795079,0.1300889663745982,-0.0376678958143823,0.05383654171691078,0.1625242460562539,0.08433443806431533,-0.04013043705966373,-0.1888313981949383,-0.2834417464166869,-0.1367234804398616
0.02169775495931487,0.05363526975479503,0.1520422241503954,0.2793753203545793,0.3699128682793466,0.3143225822246711,0.2290187491248046,0.1162424898855803,0.2547656133834587,0.1708190289482608
0.09453163021609862,0.03961978976303886,0.1608659523867539,0.1480969403983272,0.4137432346800418,0.4213297113947728,0.3496621136215795,0.2400375102895458,0.2189530344008752,0.3072969837533291
-0.1100461889056527,-0.1469639102141665,-0.09444727715503566,-0.1604331983234134,-0.2725039506195336,-0.2118656627105152,-0.2519853200043135,-0.4269378163956444,-0.4279816852216132,-0.2728672900549539
-0.01694565325259646,0.05969846613903351,-0.08042105553027151,-0.06434459659702968,-0.1182748706112939,-0.08666658184421322,-0.2095953120624048,-0.2448902868005419,-0.2641723651833666,-0.2950501026712155
-0.2219688909222818,-0.3002580212459863,-0.2475670275576914,-0.1591326371271696,0.110495083816737,0.2348892294949986,0.3225480806384523,0.2794852149159777,0.1711707877174593,0.02120481524675134
-0.08027063560804738,-0.113892784119791,-0.1086651678610281,-0.06144438794037339,-0.03222515951810036,0.02075113468815185,0.03122492725944261,0.1596969767051482,0.2459478392196599,0.2525377691578956
-0.05358076244698368,-0.04127994495878357,0.0842250847075121,0.01848059553755835,0.0692408856542556,-0.09421274996222298,-0.1491925852441164,-0.1645156311332788,-0.1045786602610988,-0.08355398385102927
-0.135531604408255,-0.130518347903443,-0.1157945035217497,-0.1987354977000756,-0.3400526948249743,-0.1360294314633053,-0.07475933498147366,0.05865714569148615,0.0305629461049859,-0.06177741302509079
-0.136302872757131,0.02872567968986198,0.1114113577947169,-0.06264396822126858,-0.1570020885901375,-0.1736500604582042,-0.2598075567609244,-0.3669800887463672,-0.3360677577925731,-0.3959430584371327
0.05349880580027054,0.02470030915695768,-0.1685069216757911,-0.2126391618107585,-0.2008579856113653,-0.2178087391808639,-0.2124224273233098,-0.3182589497807203,-0.3640599634632355,-0.450349384490745
-0.2476603559445643,-0.2524596428450497,-0.2769980971840558,-0.250730110073762,-0.1720477341441054,-0.2170781525078648,-0.2216750532890261,-0.1253094686658995,-0.1449259293814925,-0.1294243284202796
0.5254622193543168,0.4539449792774052,0.2038000157413828,0.2679180562809046,0.3708754218900684,0.4101098162296058,0.4096283611197056,0.4078028009671296,0.3815244758560145,0.2577154217971527
-0.2717134406508545,-0.1690866410798427,-0.1285410611415828,-0.1927524777650744,-0.1685013393262951,-0.04167350833872158,-0.06100338960526407,-0.0799407996373034,-0.1295746300544729,-0.004846959406131744
0.1760857855391487,0.02658498021506296,0.1894891978121864,0.3192267200274509,0.1076752348180009,0.1299930242370971,0.1042225131095639,0.06387697991985977,0.2028556892915321,0.2003015051689081
0.104715755433387,0.05903229996611721,0.08955678815220956,0.1302393688949673,0.06515922747236522,-0.07664229644617206,-0.03771443364949164,-0.1881128549359044,-0.2758647125932905,-0.208403898941415
0.3284373993065314,0.4305322209498216,0.4549352851629151,0.3743359632807559,0.3860885165321755,0.09315599795929036,0.09334431369899593,0.1231830524357864,0.08859619492764387,0.1424161933175219
-0.2679284478360934,-0.1502140521744782,-0.07826108520008367,-0.06062667835044806,-0.235740120800536,-0.2874598800823282,-0.390419753861777,-0.5004645579771638,-0.4456393289994452,-0.4198555172833286
-0.2272429798171771,-0.3267809561472975,-0.2743620020295096,-0.1454311273257513,-0.1761281501027277,-0.03971173842246231,0.03906676561372924,-0.06259001310994602,-0.1363141489261142,-0.1126633125169241
-0.1285940262987297,0.1361163716189304,0.1523109767189086,0.04232542509060672,-0.1420077534905973,-0.2798811879967528,-0.1498614165906517,-0.09446997181597679,0.01236280986500378,0.119050998475807
0.2333895395946481,0.2671808855536439,0.1129922770834497,0.01168104706829231,0.0589363869326267,-0.0452627378617082,-0.03293759357704132,0.05287533041124814,0.07246751926204295,0.1379811703768617
0.1729600374904684,0.1959781484008873,0.187622363648495,0.09601031065649604,-0.04542836916616309,0.0977793312058339,0.07143175108002736,0.08071553185191202,0.05342128125854889,-0.1693579143023764
0.4565326158777491,0.3072278183524363,0.1554509841066855,0.1953966291300605,0.2217451240454446,0.2037050522819983,0.2709723749445426,0.4667442470253584,0.6197374968283442,0.6194967551608312
0.0651799707399231,-0.03071625148734356,0.09655353397455711,0.05818539818474897,0.04154652646058055,0.07176122462420148,0.1873463157516183,0.2534367161736918,0.3340863183469329,0.293518185973244
-0.05910977306997885,-0.2806897506925424,-0.3446233472545972,-0.3314341469363457,-0.2141265797990584,-0.2182770185418512,-0.3271962551393756,-0.3360897733580572,-0.3889326815936957,-0.6285845435757338
-0.08859996538438888,0.1691960923185563,0.3122949846214895,0.2141387520660864,0.01828707799382729,0.00618842240708883,-0.01779686352857066,-0.006884299224511278,-0.1009396662027205,-0.005091995343956381
0.4121122903878144,0.1730098749915605,0.3512121670468534,0.3060650851718153,0.1113417584472995,0.2309389190755966,0.2279917772327796,0.2670517171631926,0.1595580850721637,0.1472067901352686
0.3502856276909843,0.2925479321602761,0.4237985277093359,0.1203823228339157,-0.04635430056677857,-0.09650715113627345,-0.01751009422816248,-0.1171413062672152,-0.1614955715610438,-0.1801860404814513
-0.3689648692133103,-0.3050426663510193,-0.1212079318156977,-0.1935079277274881,-0.3470947061749319,-0.2702861552717251,-0.2879496988963368,-0.3449941153344978,-0.06797730190034511,-0.0169531789695046
0.02426296812995659,-0.03239709787478804,-0.05036361742657423,-0.09792488471025035,-0.05082689667736058,-0.1545203225546725,-0.05261871309028594,0.07584042597508134,0.1352816444059213,0.06520430450964811
0.0793996723500109,-0.02527012627820606,-0.07242403276550978,-0.06384548484096701,0.05663054317375509,0.1071728002665857,0.1567770143808266,0.2768364869641903,0.2137665972062245,0.04854244187818749
0.1464463253448343,0.224075074257591,0.3826525663013763,0.3073051264402509,0.3298539350371951,0.3092105677957917,0.3533717813251807,0.2891750978167454,0.403915093539895,0.3829570324871672
-0.4589016288928461,-0.2645148630250242,-0.209365439293277,-0.2155186400689096,-0.4631609559828743,-0.4483650347918622,-0.4989178337095124,-0.5625496541380537,-0.3258039562597217,-0.1102049140898031
-0.09652070040068034,0.07039117104713458,-0.03155525041843567,0.008186942964102873,0.1450243030768066,0.06709638592889154,-0.04172941597433244,-0.06029080623755283,-0.03348133659684908,-0.1059428955398211
-0.0986611911730811,0.005937597527053925,0.2505054682548792,0.2813395567285502,0.1892258543228743,0.08491441128335198,0.1531455636564517,0.1746187691680213,0.1279466856968814,0.1043991523714103
-0.2238744536572447,-0.1998097248060305,-0.2011512941662252,-0.1413334211604466,-0.1130616313354601,-0.2096873056403101,-0.01036853357048551,0.08907140595822717,0.108160726105105,-0.05156229018707174
-0.119373113029535,-0.1255822099479236,-0.1286056772873757,-0.2456226656462135,-0.2714986213653088,-0.169970797004078,-0.2625346285020974,-0.2760257542775355,-0.2557348772863481,-0.2796504721470152
0.2464913548146717,0.08051374274165152,0.03953899457740129,-0.02067767716592,0.02288416703248073,0.08420290731627597,-0.09194826563263074,-0.02977400447955949,-0.2392401290157693,-0.3165963521147607
0.1431718667540112,0.2554251957896704,0.2282104922154174,0.1206899930285817,0.09267983535085943,0.08197160117985472,0.1184836073922952,0.160350947260213,0.1007975988930964,0.09327156902059046
-0.1803355096368334,-0.2705010232153299,-0.2532022943205296,-0.2825285338670416,-0.2317963711566327,-0.2238941697108297,-0.1870086526860849,0.01851690841110524,0.02940251767623368,0.02371186861644694
0.1752498437431161,-0.05974112117749586,0.01973411613634013,-0.1619607587276558,-0.2161783204878911,-0.2026956276665762,0.02406331174214721,0.0120635214211978,-0.02510959815166446,0.05070985077984409
0.1466537760722188,-0.06689819044334204,-0.03678128422986626,0.1299292755954571,0.1373728267779433,0.1352025163480903,0.1341438284310662,0.03508786080642405,0.03866493760418749,0.2094668929493263
-0.1094010094364679,-0.1623496038494598,-0.09047980698682899,-0.08475399884493809,-0.09074150282178364,-0.1336617130292825,0.0160644163750192,0.305370222606045,0.2733293381709942,0.2367785297486616
-0.3825005113503036,-0.2884041775121244,-0.2053319009378506,-0.04881940317258122,0.03488556811945945,0.07528711584051777,0.1567184003624315,0.3122023810590719,0.3263751912042637,0.2052272403103307
-0.02713035657751798,-0.2240817914825353,-0.0766428679913974,0.01708478408913482,-0.1705853656989881,-0.1778600570554972,-0.06995426011664561,0.01117869310844027,0.06950907660224374,-0.0484494114462159
0.08975092244609771,0.02236657146577407,0.01203955836262137,0.06854237273288213,0.1261971384641866,0.2248638998409918,0.2278593051232274,0.2647123809942896,0.1670952821149347,0.2627231200198593
0.3091526955594837,0.3005069884275506,0.2741439429504497,0.1480979450067616,0.1236477609796778,0.1359034530833271,-0.01553013413411747,0.1131321814642327,0.1627360192122077,0.285738237194704
0.2604206406157792,0.3113152028889702,0.3224772145879966,0.3275156370915389,0.2689144799226983,0.078323814035821,-0.04894429740544273,0.106080044268373,0.1485217943336764,0.2692760235648223
0.1481402775606371,0.1719007010649835,-0.01921314310410963,-0.2313734482890206,-0.4373423238576666,-0.4289125771420019,-0.3784141830736309,-0.3728601612508016,-0.4355585067555983,-0.3875194979846934
-0.007958683536516291,0.1208246626016129,0.2625817458753082,0.2176431164505823,0.1549272430445009,0.1833687186488431,0.2465905687287352,0.3297023298033631,0.3264427087339239,0.2249329544859075
0.249355377645334,0.3580215719158582,0.2031811612351071,0.3107124774978801,0.2976185372449883,0.1900317100249679,0.1001565495735247,0.2075580672953011,0.09549618735600772,0.1108298948590344
0.3306496749093082,0.2047617171360103,0.2319090478691152,0.1829235967627209,0.1916444802233869,0.3926114346292085,0.3601872445951745,0.2646331471394831,0.3348082275933998,0.07893169987344613
0.0573395463461162,-0.02351202105006462,0.05791727089577172,0.04340868844629379,0.08703051900392271,0.06460218662366955,0.141165964525457,0.1800520604691318,0.2332634967961491,0.1159361602436091
0.1091362109263227,0.04316751629924066,0.0148961927967089,0.1889721549708861,0.3441644014897169,0.2334558580792901,0.323976053814425,0.3491891891232998,0.2539403071589599,0.2435853376795646
0.563683456875742,0.6445072365387015,0.6246399670400045,0.5694280483354734,0.5070168454201657,0.412974798713796,0.35070650529754,0.3421832450198182,0.3113558381628944,0.388553610953862
-0.3640893289432854,-0.4082891418783063,-0.5097555568088559,-0.613674739728626,-0.449669631664389,-0.2649273103559395,-0.1381087134115726,-0.1890530977199565,-0.247642712606329,-0.3733148793019103
-0.2268381126002793,-0.1680229514917225,-0.1865370414803969,-0.07131179427317383,-0.06768158770846021,-0.03326284860084312,-0.05447722331638474,0.0007792812888737059,-0.04553319396528117,-0.08483433920541973
-0.2694417413465374,-0.2891515211447811,-0.2750687939932022,-0.2593586681051192,-0.3492462137501294,-0.3582382393754696,-0.5740672909873514,-0.4905478692194017,-0.270979203266805,-0.2273179170305866
-0.1760301576097051,0.05805739936873987,-0.1564126581394201,-0.1286351653356065,-0.1136316859691969,-0.1312572768889147,-0.1676496572880479,-0.2099352796753972,-0.2407386945090409,-0.2577811191876888
0.4395356000647694,0.5328996812703083,0.3741592322602321,0.2606015880137136,0.05924872448701867,-0.09500471815996045,-0.1198706695205953,0.07482828029544193,0.1856809685124174,0.03038131276297837
-0.0194624497143925,0.0792487786323314,0.1500286614492821,-0.05758447057441196,-0.03760218949989257,-0.1423746048240054,-0.07808026018300013,-0.2022802499692543,-0.250500249556548,-0.230733524951511
-0.3122685890595455,-0.2279260727801863,-0.1166888251033521,-0.1265974070788581,-0.2117326560133093,-0.2554169131486682,-0.2827383198469899,-0.4089016263455823,-0.3358443466374446,-0.2290365876320079
-0.3561693794815138,-0.3359535853839946,-0.2652994419002974,0.0279428436295356,0.1987004239741932,0.187091660874115,-0.03567518225647798,-0.04511670735509146,-0.08897368089062907,-0.1829200209680794
0.4274999029906083,0.4296448148883115,0.2932215905429577,0.2947975426332926,0.4515987677547385,0.3860323837458886,0.1315818245429848,0.05811295668509674,0.1181064543678719,0.07433388341737092
-0.0242608804617365,0.05651431350305823,0.04432694148466479,0.0337658266145095,-0.07451202606076698,-0.1438510024913304,-0.2306478846276295,-0.1264725865803439,-0.1090485349943785,0.1195940987302682
-0.336312220991011,-0.3304913939463999,-0.4293137567725636,-0.3436242763679148,-0.3186561213963335,-0.2034462444004596,-0.206318085300931,-0.231924795654663,-0.1656708219979077,-0.2401176102411507
0.2899618632902662,0.2142793293047888,0.2489583205958071,0.3483802180771648,0.351489766072573,0.4209083277566315,0.4347936621817352,0.2857504632553171,0.1738860393555451,0.1510630341601492
0.08079228313228452,0.0460597170385165,0.02850656891577878,0.03196961290420152,0.03294017774717702,-0.1563925192061333,-0.2251169452681908,-0.1986931494347217,-0.2466376349156095,-0.2559719095208077
-0.08402890094563935,-0.08124029324634713,-0.2233981814044403,-0.3565426023537756,-0.4187615959887017,-0.4352727568344611,-0.3500954563616328,-0.3501161809133018,-0.1608191921029022,-0.1247799857727317
0.2826292966070218,0.2038031112088359,0.15661993278505,0.2093467459022591,0.1107945876844623,0.07192710986895348,0.1061655272096175,0.06963321374992038,0.1467706701488633,0.07408285501217463
0.2041850036600289,0.139367874187123,0.1961167565348317,0.02554412117167381,0.1253376685664917,0.006170691251069347,-0.07842356458757704,0.03943619039839041,-0.08121838371273707,-0.01176236584168715
-0.1617808190686175,-0.1243995265521245,-0.0251639851221591,-0.1220421928432032,-0.168164225913539,-0.2017764256476079,-0.1394596557685512,-0.1426597129765646,-0.176161372442314,-0.1972806902105086
-0.2827681508675806,-0.1884366982639123,-0.1581377215628085,-0.1141832293854953,-0.08411469371987626,-0.1286837360305396,-0.04308471422046366,0.08933252864003866,0.1330928810838192,0.1160379245174518
0.395630012593565,0.2572763160302108,0.1505672252365405,0.02201553203565591,0.04101011630542754,0.03648603738578435,0.09436646217737125,0.1549601552602848,0.3189872097634285,0.2997937597534403
-0.6333464332333801,-0.6796134124266322,-0.5649504109895824,-0.5531598517587575,-0.5266468434735081,-0.34863860601328,-0.1248855136747289,-0.1480583789629303,-0.02868484817621338,-0.08264052296380005
0.03643078976401112,-0.05571564407944438,-0.03551973134480847,-0.02255793490597936,0.07518035285182594,0.2016397157806413,0.3106799337122381,0.2524305958350113,0.1067280695546608,0.1706934936909065
0.3887601175257123,0.56989347800082,0.582900008495683,0.5171534340149574,0.4162993326412585,0.4533165758273416,0.5010779671164379,0.2814697720165772,0.3248202079753931,0.1626647095276498
0.2369513858049475,0.1374617916697164,0.1667237502482312,0.2399089145628118,0.3576557682063073,0.3341025796446588,0.243041188736754,-0.002185122323438055,-0.05820928665232661,0.01034031394308331
0.1936040234706617,0.05892843489181137,0.05806240143617597,-0.006005516801663502,0.07049488639959245,-0.02296442672002161,0.03159946620150907,0.1545048921968303,0.1156040415893422,0.09854419349160547
-0.02717169552492131,-0.0770453398760346,-0.1953124560160412,-0.182492878524232,-0.06930256954049954,-0.01481688826015015,0.1099686441802603,0.2159223750749761,0.09873999519289565,0.0906226654389129
-0.1430248479497054,-0.131203294543199,-0.1115716461846212,-0.1775988552987577,-0.3378641887055476,-0.2423295274998617,-0.2030137114737526,-0.1794909697294633,-0.1895399818575879,-0.02225846821292872
-0.1798400092147472,-0.1739098653731205,-0.3676699986576182,-0.2737516351332519,-0.3738951973003498,-0.3616514399799735,-0.2149842057372377,-0.2991386151590972,-0.07526445467133899,-0.2290430107261056
0.355571822457597,0.380235916262824,0.3189801100513934,0.2822414620687229,0.121257871207851,0.341369844733945,0.3719128907860423,0.3611183187208763,0.3241512271880782,0.2687787594665296
0.1483739417965166,0.05535862121314522,0.05707196659026513,-0.02060392041233152,0.02091725844705359,-0.06189861257267235,-0.0288653842401157,-0.02928954571192401,0.03567005617354333,0.1286964287592494
-0.03537859402172231,0.09372350871899043,0.1275906285590343,0.08813427166471174,-0.02155106945857328,0.07384642928487561,0.1940735466515587,0.1357104196678826,0.02832878637366216,-0.05911895074458799
-0.3172063070409635,-0.4082422952864968,-0.4901136592943965,-0.4603252073731212,-0.3817190660270777,-0.3435918828237715,-0.3007715360011132,-0.3320623768948364,-0.3447377377458844,-0.3416173642266394
-0.04879042856633593,0.1240513265217737,0.1180974993886988,0.02583076904076678,-0.124833754292397,-0.1581329688045702,-0.3495417031679044,-0.3599940661137394,-0.08856854348452939,0.02738172918243103
-0.08991258070415821,-0.07197590259996588,-0.09492370280145418,-0.1613245012682398,0.1149376781649668,0.1760988815670459,0.1906009892841657,0.2324865072127355,0.3193175436307467,0.2460947865187465
-0.2500036114798747,-0.1881869436229315,-0.1158927594993597,-0.04746513603375136,0.005900147677583612,0.1430990849987588,0.2235362962459712,0.05952070048833275,-0.0825967792099596,-0.1302249674172726
-0.0725024981802062,-0.05422897189663054,-0.1433592392183332,-0.1012888957869485,-0.1288143344487408,-0.2138931282196972,-0.2804450312285724,-0.2222804506222713,-0.1059083012291101,-0.09268334989042133
-0.146789306582733,-0.2279944082462548,-0.2754882123752392,-0.2149354823705781,-0.1899516970829489,-0.3208691330742998,-0.2435058655951964,-0.0993755978343632,-0.154022499380313,-0.1260655279300021
0.2637722794944153,0.2725955953950676,0.236990276174107,0.2910213167989635,0.2248997962454894,0.2371535488778125,0.5361368636765383,0.4737352113270822,0.6601666626140772,0.4554346354299901
-0.2797930874705472,-0.2261865125891483,-0.2658322073295229,-0.3184023250072527,-0.3783966629514715,-0.124307392745353,-0.09914889768672586,0.001085393078417547,0.1667598657087883,0.151558642614463
0.3736285321828073,0.139980211365593,0.1153058990326613,0.1386931445726923,0.1488686674832331,0.1096687553203865,0.05404489778341576,-0.003488119065145656,-0.01347185665242382,0.05060203899257053
-0.1018483484154433,-0.007849244908759495,0.1579313791554178,0.4327961229425132,0.3502366263392587,0.279465408978015,0.2284355751789793,0.1896117415933309,0.2844471412649456,0.1902083110837925
-0.05446040507992353,-0.1187153951712737,-0.05216575226209724,-0.1142503431719899,0.01048994314834195,0.2193260058876009,0.1613563132506323,0.1349921087854334,0.1317205307807695,0.06153912453086537
0.2041523843339809,0.1456988100404947,0.2277308084654584,0.2761572101912138,0.2400929575156724,0.1498997851513755,0.0178016768862623,0.1552912980397419,0.08641461099205069,-0.05329958681939254
-0.3354443813120484,-0.3828660142395791,-0.4483492846318972,-0.5060877934604058,-0.5116570990319069,-0.3014449618930555,-0.4192807727179453,-0.3740409096671135,-0.3067229087601959,-0.2648409296183344
-0.3842631823766425,-0.4878232219975673,-0.4353684110666897,-0.5329426911417374,-0.473536058000406,-0.3566771264483951,-0.3923543712301595,-0.2620093675844276,-0.2404920626364596,-0.06915963395913423
0.2297492339773727,0.2460917233646121,0.1709353411704148,0.3238663048965493,0.189195328703446,-0.01617977422615699,-0.09679377523649876,-0.08716340367600216,-0.1362986273916187,0.1473525497929521
-0.04896565456070726,-0.09027053655331148,-0.09998548863092233,-0.1356739248536392,-0.1903006571894496,-0.3165950981883598,-0.2192104773512786,-0.1913881934112959,-0.1289030366126298,-0.1139383259199359
-0.1733750999044421,-0.1156476592283594,-0.06674090622784398,-0.1435232102308628,-0.1484971857941245,-0.2174752277199673,-0.2908724816004697,-0.2228164944822169,-0.2037960907175787,-0.09813174926947198
-0.08935251948523699,-0.1919902671699222,-0.2767855461673291,-0.2483543210090567,-0.2051259288609788,-0.2688917382202072,-0.3262830632048406,-0.2770667051243101,-0.2125095164209762,-0.1951217143000312
-0.1844577544118703,-0.1419929961277144,-0.2447177446108752,-0.2481103157627326,-0.2223156498154472,-0.1157800355623223,-0.05556998633858877,-0.1628797822891383,-0.1760740641101302,-0.2149628475007502
0.1131790689295467,0.1273322514651748,0.1371274273149793,0.02541411777007116,-0.1410258055680655,-0.2339148630520657,-0.1698763794885437,-0.09847460276829066,-0.07793141092753346,-0.1309369273255392
0.1548914644377409,0.1501937673087757,0.1410206720900091,0.04209276445712111,-0.03183351694292719,-0.02792692464488795,0.08289758099947393,0.03321975630833588,0.1554275775052252,0.187760515347773
-0.2965186616609508,-0.2098026213068874,-0.1990677533855377,-0.1882945845815794,-0.1643257773854902,-0.1104962995417025,-0.0431438395427406,-0.1225018832548263,0.09110640320354403,0.2000791524486074
0.2430086153101491,0.1768725398012252,0.1015545175596386,0.08092465712075422,0.110788468891235,0.03551909170380265,-0.1080607623553612,-0.1749840890381997,-0.1688125760322017,-0.2344139230396834
0.2289395946771406,0.07339299313646731,0.2608421046783513,0.4124835684518658,0.484884973428496,0.3841795525837965,0.3712697123973596,0.3984839631385531,0.4265972101820353,0.4428417402379012
-0.4749450774168613,-0.423380519610787,-0.425025122692862,-0.3355145468189509,-0.4157541982628956,-0.4110443856294523,-0.2773229924965999,-0.306898656982442,-0.2660395659978812,-0.2851456962544327
0.412004726547759,0.4297951585813297,0.418073081338463,0.4333985892214556,0.455436096245957,0.5938968605450217,0.615214889434446,0.5066518743727229,0.4052710410902244,0.2976779329762105
0.5284156809052456,0.5178802381729845,0.3790619295765407,0.2674167391006035,0.2903315606562168,0.2504447767173937,0.154078974092438,0.02903924386643086,0.02316432818661386,-0.1695758190049816
-0.4230990665376798,-0.3171784057935541,-0.2517399354391366,-0.1693428940168062,-0.1673969016596089,-0.002416960359856026,0.1024550302576798,0.3354823928203288,0.4322408237362457,0.4513451431032003
-0.1675638369255124,-0.3706009492923898,-0.4809015963780632,-0.561591409046033,-0.4482469270690018,-0.4853465152005109,-0.2425382988310784,-0.09987063468315735,-0.151168199337007,-0.2000082671594123
0.1939360398033467,0.03295664451283861,0.1029067214976001,0.01164952439648076,-0.1273357986207143,-0.05560134854175335,0.09533595363810292,0.1155569119367677,0.1824590018615395,0.1303937977579291
-0.2075655809750228,-0.1010867752979186,-0.01662880478662559,-0.02477146019970942,-0.04605798925377619,0.09238014726970424,0.06056859296996457,0.2079234371362396,0.1934787874139535,0.1422919513828684
-0.1305033786951094,-0.3669206364497995,-0.3049271935032162,-0.2450867939562833,-0.04870798710672328,0.0526650610071926,0.02151460217486061,0.06427222117098801,0.2131028340258415,0.3491326031706679
-0.3664254279594945,-0.3314970283261718,-0.1291119569900489,-0.01224010908262562,0.05714362845305349,0.02259312249542823,0.1264314795311518,0.2338778848690374,0.2898419398412609,0.1576086433017944
-0.05669728402506435,-0.03623859337961938,-0.1046627508616481,-0.1321444955749936,-0.2601534304425375,-0.3524047067964261,-0.4314689500589921,-0.1983485676065712,-0.05346340020543752,-0.2074646615727566
-0.1871636675364308,-0.1345190963366618,-0.1224166727510828,-0.0868235918385435,-0.1717316321974323,-0.2474112758400184,-0.2233804591229287,-0.1073476628366894,-0.1044342280391942,0.02675659117338426
0.4083531659483863,0.5010229189347946,0.4760975113349863,0.4606997214470364,0.4408487922412943,0.3571927090215563,0.2698008974842992,0.2732200427537038,0.2474138387094449,0.1998506085160873
-0.3479061183791901,-0.249716144900325,-0.17212056930236,-0.04339701139900368,-0.056165866531634,-0.05226245571501966,-0.01478103083053686,-0.01417989230581292,0.07624876394037158,0.02497156063703696
0.3636781421513933,0.36759212986321,0.2807950325757044,0.1786962359033409,0.1568967696797166,0.2764333910212282,0.1255493740510545,-0.07411131937692113,-0.154271870841661,-0.09272581050435946
-0.313357089369623,-0.3980955062876928,-0.569770771081213,-0.6523941882874695,-0.7010139321671212,-0.4225274418279751,-0.46846447631062,-0.4766360885123739,-0.367787458324985,-0.3082408250930291
0.125629635650802,0.09914379167949505,0.07089546105814856,0.2241924232473209,0.1986509622942536,0.1204203806953794,0.02435653665628358,0.04329599003670239,-0.02919319019638396,-0.09674308123773351
0.1037759099003833,0.2443091398290794,0.269205494622291,0.265161638519178,0.3516745706344489,0.3340404211790845,0.2237666475197668,0.1361934161663569,-0.01934225519095108,0.09674469672192609
-0.09210407804293855,-0.07180156282895189,-0.04977732692448792,-0.1411285320029231,-0.2408311830546619,-0.1776282401851521,0.007283214141755943,0.1911497992064077,0.1222616287866765,0.1899926307499371
0.01307392953118966,-0.1060186195167898,-0.2324345708586004,-0.3239343573381078,-0.3396367666135323,-0.2677059008801568,-0.06751083442691094,0.09159623108924234,-0.0031679462960193,0.1170955708323405
-0.275753495598983,-0.3150015695847795,-0.262695429442266,-0.1524828506305652,-0.08136878804937098,-0.05138549996643055,-0.01449321057510416,-0.08326186233512352,-0.02592847859427108,-0.1115212497313011
-0.05760229570633328,-0.07037292557404377,0.01611171715099939,0.189236227896785,0.199257449103467,0.05845663982805965,-0.02312632454430501,-0.08161868731639699,0.07184499678124444,0.1267110413885345
-0.2764269323906313,-0.2996005353153799,-0.2932764586297751,-0.290091508988812,-0.2664087849117849,-0.07046656761547765,-0.3141962772227235,-0.2768754688115339,-0.2319522876187414,-0.1907165066776663
-0.1333479749710817,-0.1281278982210111,-0.02824137610945345,0.09364578701908445,0.04212642726163982,-0.05787573163504582,-0.02180181022658007,-0.08026395304759254,-0.0224257793117444,-0.1196922925781539
0.1873411977938772,0.03797534924351161,0.1328551954907279,0.2703159594490316,0.1861077269821952,-0.06657576669270091,-0.1384148218260993,-0.0888422222137229,-0.3126407828171118,-0.4457800948774256
0.3486099056767635,0.3046081923029246,0.322300041881122,0.3398586241493143,0.3551438091937139,0.374799905463734,0.3577601946001551,0.2816784553036429,0.1634499857186147,0.3201901629290601
-0.07177506152629393,-0.00819685258641842,-0.01156196441942321,0.1811257209629704,0.357264464628409,0.4801190646941871,0.5651462535746584,0.6585859673367541,0.6194686030189602,0.6826164961354377
0.05841281861228077,0.03911887435599547,-0.0164827413317607,0.01269928327296998,0.0283793054716518,0.1775462190157442,0.1408607302927234,0.1056370626519769,0.04770880065812964,0.01679899265017707
-0.3619390277761119,-0.237234206541036,-0.0614275663347309,0.01089315588426028,-0.2135171937616498,-0.3188958789696503,-0.3105354353587201,-0.2928265472894648,-0.3488184061745125,-0.3431222389039764
0.1116570113307079,0.1159483148188048,0.240346112258062,0.07730268631458222,0.08994235100857263,0.148680834277441,0.02656863996716493,0.05818748596566395,0.1396209130268011,0.1056347265721373
0.1705391789283756,0.2170740521714787,0.3586272362110456,0.360187184789744,0.2349083271575608,0.2802395215345435,0.3884208557849314,0.3473145574145656,0.3845421152718705,0.267615637140404
-0.4442573445058851,-0.4659965507820932,-0.3641884419450641,-0.334769621619979,-0.2387879765188877,-0.3059279904013005,-0.3896592813672399,-0.2996259668666424,-0.1193371604457058,-0.04911619335923816
0.4246684244422066,0.3866129786975607,0.504969349850707,0.413965469269118,0.3140578986867882,0.2038341159003517,0.09980630964430427,0.2566325372060296,0.4131731949881728,0.4402837655374854
0.3395728380529603,0.4107573434385726,0.350508497146504,0.3772916499950065,0.3186204236795318,0.2669113114298281,0.2405468354625276,0.3513882492209326,0.5051406584033195,0.5891563170259301
0.3044978101733787,0.2855952168250999,0.271276601149268,0.3479508338873657,0.2487132525116395,0.3044027112877386,0.1919301867372838,0.1179249426866048,0.1808056197849316,0.286211942177754
0.4692475794974098,0.4774392989053723,0.4872120717135426,0.3388492761857257,0.1180289832397401,0.1103116468698016,0.2217008338180831,0.3537855054865317,0.4096400634283272,0.3337808364578563
-0.4381435447340722,-0.3981235198693159,-0.3528864908769391,-0.3168757681993647,-0.2783941151304131,-0.3566246791946938,-0.2755703522692108,-0.1692809658265595,-0.004459274903680954,-0.005864934962604698
0.3190382794638096,0.1488376707701821,-0.001266075782154117,-0.01471707414776981,-0.0302959776434943,0.04993219558815776,0.1141604103847345,0.03299169069926499,-0.06076406575487306,-0.07462285909418209
-0.2734625139136048,-0.2236045383448217,-0.1929563484358169,-0.02916922402404551,0.05699577055045228,-0.04945238520353963,-0.148466905000616,-0.1745831469907294,-0.08244487752619953,-0.00970331957417348
-0.1245225057531592,0.09553591066828561,0.297171478553993,0.4182657759190775,0.550383998877864,0.4918060105545518,0.3418202691695557,0.1068422952794019,-0.1452529571851467,-0.150302936227788
0.05436115405279966,0.01484099559900349,0.1001238194323895,-0.1852080334125511,-0.2425059756916608,-0.1250897111016104,-0.1706475715810394,-0.03311646634549013,0.08224156145835894,0.03096461368199321
0.214177496158928,0.1429859952151272,0.03268949250553695,0.1031376947113686,0.06158532410056178,0.2141822801122684,0.2404443432346293,0.2045006147927592,0.0632703366996924,0.008832625870027581
-0.3771117000499675,-0.3992989211773272,-0.4304433280032122,-0.4015844172861615,-0.5163521825450683,-0.5211028952755088,-0.5782628173024413,-0.512126598678746,-0.5288511522917544,-0.6089851392251686
-0.4035474571951373,-0.2440127019454323,-0.2173984803852261,-0.2181850665512075,-0.2048253997864793,-0.1926069974090676,-0.2760054298381199,-0.2443890456134883,-0.1532589543051918,0.01128059427458072
-0.0528310221962016,-0.1855789383196205,-0.1056218324252768,-0.01728509004507249,-0.04272723424990392,-0.1396039431724391,-0.1045455038098657,-0.06083504130932315,0.03607742724679258,0.0161179172012078
0.1215656158062424,0.1317990039864684,0.009178920026893319,-0.1671060886297436,-0.09426099355802409,-0.1766705872167102,-0.2166930498932275,-0.1799633552931645,-0.225028531001168,-0.2292152906734999
0.1890306702571934,0.1242395526073772,0.1833154434787065,0.2641535552919823,0.2120264514441733,0.1845149975011907,0.1577004064089475,0.1229929845998922,0.09819904582232609,-0.006972634970309642
0.2701789371296747,0.2951185395688579,0.1164723330490228,0.1775746567561892,0.1747818131878135,0.1916419042012638,0.3354198206103416,0.3986270991036307,0.3263644339218519,0.2097836401609954
-0.1402606987044074,-0.09612339244859028,-0.1583014486336352,-0.1181354595869224,-0.2447350241792683,-0.5072893750058219,-0.573373547626519,-0.4438516405545098,-0.338917482844536,-0.24793979788214
0.5120289424997404,0.4621130710311068,0.3585197818593112,0.1863273596236182,0.1169838511685121,0.1242584310893646,0.08262013669598534,0.01272732525386113,0.08550512196501585,0.269786134061478
-0.2215455517724936,-0.1646317202767349,-0.06208816265936538,-0.05736955305043013,-0.09603924336109046,-0.1240081595871796,-0.1224972384081594,-0.1121988850016413,-0.1377362006362429,-0.1858750501875306
-0.1114376149980142,-0.2182959973384703,-0.02808703648665293,-0.1416728137805226,-0.2468915163060608,-0.3375075913478398,-0.582313096895449,-0.6434380158832331,-0.5632693197331645,-0.4770135974313503
0.0002017679012413167,0.01356117527837794,-0.02846377835566413,-0.07453556725303097,-0.05442703174121965,-0.08816021422208611,-0.06086493386238748,-0.06011535788070056,-0.0209736421986824,0.01138372137303687
0.3185073621184385,0.1965136872356116,0.3274171905806218,0.384439985066116,0.5056292847470161,0.4736483362596196,0.4414366838893155,0.4254174586871687,0.3677606907094188,0.3201586415254154
0.3479148827002772,0.1142094591907097,-0.05297636572124211,-0.1217925917960564,-0.04220922332952823,0.06822609370806001,0.06775724183535357,-0.02655758394749031,-0.04547844312773412,-0.03150931880473608
0.1974394147001732,0.1524189792252594,0.1283666694922219,0.1708432246958518,0.1388745550597515,0.05823482937961778,0.0336493473443657,0.06694603561983878,-0.005845921695587479,-0.090858200770338
0.1464121924585602,0.1241187303079617,0.188928719975491,0.1415309783816823,0.1557969057164396,0.1852311344674035,0.156065316998558,0.02443876607165079,-0.1224829297322338,-0.1718024596358889
0.2349234390261764,0.3750638408930106,0.3060271192637233,0.1891500399897155,0.2148510799750247,0.1864934079052481,-0.01837725832689387,-0.04967495894014528,-0.1741793288155514,-0.4093940415758499
-0.1565201076299272,-0.1453104464711472,-0.2517491858942995,-0.272032225089296,-0.4291342462377022,-0.3422728359245665,-0.2825077758398047,-0.2520643612923713,-0.221151292527547,-0.1454267616990382
0.3975643266024623,0.2964687657567511,0.4481810713432572,0.4350828408335951,0.4888491726018545,0.4603811337798695,0.5691467340374827,0.6273116216104234,0.5771750774430842,0.4850121585680174
0.2578996932757548,0.2795005959884795,-0.05763337446574744,-0.28092667791904,-0.1785379862693972,-0.1652994077186231,-0.160784013395322,-0.2955971609912886,-0.1754822558659105,-0.2139177360623342
-0.1633278741124262,-0.2048291796120776,-0.2471880080478325,-0.1834393382057257,-0.157053952967469,-0.1401159415449167,-0.08876617331856167,0.002594723627990505,-0.07741112421604872,0.03082648883656072
0.3523460197980275,0.2580179508723592,0.2564105447263066,0.2369178608215121,0.1378685750960358,0.1126086451546298,0.1597911668889112,0.1787286655376244,0.1217539079277573,0.1908673895657681
0.2366096543801642,0.1852880275027133,0.1579425732823139,0.2384059556638031,0.45818692004516,0.477126335015968,0.3625246023448955,0.4867996116521853,0.4050980015123937,0.3836339635779601
-0.334277117808553,-0.3734610765259044,-0.3246110699066756,-0.303039870725363,-0.2571476543703775,-0.1534679086460196,-0.02690845286721919,0.1894700033096639,0.1846744000494878,0.1184617724378915
0.04456166079636289,0.08381026225427302,0.03046628117917904,-0.06318551249553334,-0.1365640013633047,-0.00440260520729082,0.02865520830315715,0.110700756993718,-0.0473896408561633,-0.06481802724596865
-0.483941966841588,-0.4353733469944815,-0.6237057965444761,-0.5737973565463145,-0.5536922497498377,-0.423651933174363,-0.4452989414366353,-0.4868108538932973,-0.534256838604144,-0.5426591799207464
-0.4046819024639403,-0.3044280969927453,-0.2387146463132187,-0.05129476674043547,-0.1096649759870916,-0.0802778170006892,-0.05598415763347224,0.0711285843607328,0.04189132880778668,0.1169893190953332
0.03051961453373962,-0.1145463992635142,-0.09029480008936941,-0.01261050865666638,0.1765931564961315,0.1302505068006598,-0.02532888241750529,-0.03753286086156705,0.002795935276572942,0.00687806903704833
0.2239693764952028,0.269894615867931,0.2508971822734419,0.1830698581573997,0.3126595585626241,0.2192654662707485,0.1760528894783331,0.06886343768370772,0.07100521717268674,0.2782999851885671
-0.009650861562820068,0.09567646777148024,0.04831392275293626,0.05606144194787111,0.08159567378381391,0.1043029028981389,0.08421072518603276,0.04617403481527409,0.04649501974672985,-0.1341374815285556
0.2346226656680739,0.2535335394534866,0.3005946091467269,0.2739233840267606,0.3091187649589287,0.4760774029887898,0.5069829511460987,0.5959462435463033,0.4770528297580093,0.5038346291164738
-0.003433983941017109,-0.01950790742376016,0.02187869008274054,0.1761285297362138,0.113392700983256,0.1606557398027778,0.1262055007242409,0.01312012608196795,0.09127737740238299,0.09522855660277631
-0.2976299884882858,-0.3869227267033357,-0.3462745502850043,-0.388757832265561,-0.173528748020146,-0.3076005761688293,-0.3678206460563163,-0.3156978224686643,-0.1831382909811291,-0.1078984728959122
0.4796497325940188,0.1733691560706761,0.1389406246647197,0.2641040750334274,0.2378765005108975,0.3374385114379561,0.2881558005466399,0.3031580524515438,0.2536395709569503,0.2146688071558636
-0.2731444057360684,-0.2391344696698843,-0.2444924153203424,-0.2901568371966217,-0.3288520777858153,-0.2618517763999249,-0.259693484982467,-0.1916792397573904,-0.1449296401964015,-0.07031136793751069
0.3878160943176361,0.244361685533578,0.1531458411937419,0.1325753574546548,0.01896712467007434,0.007749132829991071,0.1072739744559915,0.1659506337130303,0.1945356598949963,0.2315778716887051
-0.5134116394998456,-0.4423100339900007,-0.3470953653960561,-0.2421420640113096,-0.2041762174979543,-0.2319438717475369,-0.1357008866524305,-0.03583551940874186,-0.1494184636816902,-0.1768135517092607
-0.1088316486929743,-0.1075877581962181,-0.08896097954008728,-0.1004256493790487,-0.1688576108663656,-0.02229126928720111,-0.09438027267279189,-0.09518008532735811,-0.07472392856435191,-0.002127461415819196
-0.3843450303956211,-0.3988453423933896,-0.3045669626270942,-0.2860127415892931,-0.2254816465764768,-0.1933498234598692,-0.2613549925101799,-0.3336161541483094,-0.1634767418372657,-0.02394988695712788
-0.1157774083557248,-0.06166646080412507,0.1149638889873508,0.1827743784517885,0.05469478925721674,-0.05326666087928651,0.04409726270365629,0.1163798075789749,0.0152999328180352,0.01946147668760721
-0.00512922248861788,-0.0557946756044008,-0.1930720728563608,-0.1466901704666836,-0.0486661475930347,0.01470017801378287,-0.09109690014852476,-0.04271295229013873,-0.02725029975007725,-0.13042289258545
0.4470086503804893,0.2767164466000289,0.1828275339195927,0.08787589004370949,0.04145141672120113,0.06546480847557909,0.0539181936552082,-0.06079622591311554,-0.1642210360318823,-0.217706534881184
0.1320632497757829,0.3452155027446668,0.3159770153140279,0.1839685571803678,0.1197960564053597,0.1477623514386927,0.06657134233998066,0.008191826866797747,0.08853906336883197,0.2592719007287091
-0.08656852612729549,-0.1612625508959972,-0.03144479698264942,0.07337575708962878,0.08076928679034363,0.002042200960890037,0.04452549252573704,0.144641371025446,0.2487273684771728,0.3298044409981567
-0.09127341342762248,0.05771705364791918,0.2314151403198287,0.2774113727338913,0.4053482229772762,0.503122151354537,0.304581848191828,0.345470439767056,0.2493204952471372,0.1767315089452464
0.04152589766863236,0.2103109695271309,0.1488033057124208,0.2304395387120996,0.3416242197695599,0.443372411023218,0.3957742661901847,0.3353213791909683,0.2684870295753191,0.3298479014399734
0.3109684372534225,0.2432882948917298,0.1075239310018248,0.3425649984945209,0.522846923671157,0.5369095777433357,0.384725285162705,0.3312187088194751,0.2366888762331999,0.05145265786277808
-0.2047423738441562,-0.2492949789922815,-0.105400671081818,-0.0581011115812626,-0.1401268106273317,-0.2974749412384013,-0.3870823915059264,-0.3547159179557379,-0.2842339074482444,-0.2433387046615846
0.08931215611023961,0.1498153968611179,0.2351193068407072,0.1726823911391489,0.2344157522976195,0.2476295125881788,0.3563171064325037,0.3870730943350215,0.4285165434726856,0.4114828896121602
-0.3017605784642102,-0.4026169325254629,-0.3887094827665841,-0.3340682006444978,-0.2997419225360432,-0.4124032765469193,-0.3971385928176542,-0.4038855085248559,-0.5166181267129514,-0.5552635243659449
-0.2699416200021541,-0.2310624899347415,-0.3264213438934069,-0.2857033072150326,-0.1706412976099966,-0.05410708705371479,-0.09584603011465674,-0.09199649353654379,-0.2295362579451892,-0.1968044691372791
-0.07294304967914202,0.07470757950824709,0.06220501313042766,0.1301797244061747,0.1061949481316664,0.1008148189267723,-0.1075959536457008,-0.1265704301180352,-0.05879612423689553,-0.1039920244033216
0.1988747197299588,0.188300138491533,0.1126024907840531,0.1421020344989251,0.2315979062202237,0.04563063466165435,-0.007048538300007325,0.004876100463814363,0.07184061566111476,-0.007520899885428057
0.3953678735971889,0.3339544289276243,0.3449135320540828,0.2109045043699219,0.2525803662132124,0.2964056248135468,0.1238438496708264,0.1037459371866743,0.1317683768817409,0.08981335542025382
-0.01205419548282683,-0.0237044616880237,-0.01877680173087231,-0.06660894539732533,-0.124232462981867,-0.08550391394006386,0.02088232748380866,0.02906009376327304,0.05435720744101614,0.1614451453874514
0.2862624499229344,0.3601447334508744,0.4190054256657527,0.2431449802020635,0.3148853374986197,0.3651575051124562,0.3174869424886847,0.4362670969677098,0.2832662016087197,0.2999647002564574
-0.09921055119000881,-0.0118035888568183,-0.05135281484046064,-0.2501756384351377,-0.2523486997938026,-0.1402573449757913,-0.2723513269197381,-0.4188571545497644,-0.2211016087169588,-0.1690043458423624
0.01143728311403472,0.06377800258142879,0.1813297383284217,0.06839010352500363,0.01574860358937916,-0.02983558267122451,-0.04307376362778284,-0.09354386156429767,0.03623934947957969,-0.1024424816586463
-0.0233734963679065,0.1829353140202099,0.2430701886145856,0.2081009744623908,0.1856317582101133,0.1256096679781783,0.09160065864910719,-0.01406933041122962,-0.1461496681697668,-0.2399943530557128
0.002045685694801409,0.01094874514058105,-0.0866628408453351,-0.1503402073377907,-0.212566681496767,-0.207921980842397,-0.1276489868466427,-0.1549513569907535,-0.3845781374606069,-0.4394468643979577
0.2860438616001446,-0.02801666542114552,0.03907549916745832,0.03769572994234551,-0.1449790427397462,-0.1145478245232777,0.009946873498940164,0.1757857774083755,0.1914757978558428,0.1791995796663686
0.1838477235145195,0.2135438483197241,0.1458021502363789,0.005930555340500137,-0.04617771989287855,0.03186168589763718,0.0575917559907252,0.06054068123361508,0.09280921293437591,0.1084801913324836
-0.4100015324561553,-0.4390202308905066,-0.2656956483139405,-0.1905592694276048,-0.06829725423536211,0.0008293957022244185,-0.03599154970245259,0.0521426831353081,0.0172404986401525,0.02719531063373613
0.2728369373328607,0.4118384734401838,0.4719707693648286,0.3730439918400754,0.370649466142396,0.3806821909927421,0.4197883125572809,0.3372257495745498,0.322775072967004,0.1979914871779872
0.2779459916007825,0.2856123332919139,0.196568559016794,0.1434986636204275,0.2511832953132977,0.3061485846078174,0.2501189965394649,0.2642233762100046,0.3277025630925774,0.3326712889547718
0.09315489955240452,-0.01399856337192024,0.07453407772140791,0.1720565166721303,0.3911565870538626,0.3750898873023655,0.3521180622788608,0.3327407311624738,0.3504720209365099,0.4564311949760183
0.271516824943233,0.2046548109010421,0.1440937436504999,0.128005700386312,0.1297317018431861,0.1535723764022177,0.2143427186912683,0.07854575664779576,-0.00784712331515402,0.05023629038736795
-0.2132299057182704,-0.1505336786514215,-0.1348312365033693,-0.1628202976469787,-0.1219531630907181,-0.159983100550042,-0.1534801474753921,-0.2156708151159734,-0.4712017271065036,-0.4603330327320101
0.1064504997889028,-0.005038949624608824,0.04601209565775792,0.09473328476054824,0.01817347071530676,0.1098198555548207,-0.03779465613324168,0.02117235600294762,-0.0199146071300478,0.06434269265009264
-0.04851739990070127,-0.05082936884795036,-0.1525679510876919,-0.1276116170920913,-0.2096697045305836,-0.3355798347283836,-0.355201973382134,-0.2758987474098374,-0.3642595016495789,-0.5377671301584451
-0.03981434584601533,0.116220282227077,0.1121588419428692,0.1408549323645606,0.09098112350104348,0.1018763997599675,0.104124980338242,0.009179048518566995,0.1669106242034031,0.07935170364208213
0.1438532280987259,0.0620728888737534,0.06237881608353879,0.2011305583503897,0.1527087424714899,0.08183844093412419,0.0678699705698068,0.2959784703631608,0.4254336112561424,0.5297358622865338
-0.2154824614532469,-0.1775030581713669,-0.1794069802625061,-0.1828214290916048,-0.2483769488627403,-0.3311876604314681,-0.2120287538544215,-0.2805419406701515,-0.3110459378163723,-0.1500402570420641
-0.05555420764664278,-0.02880595857741309,0.08187897288818084,0.209975642146768,0.1327359442768697,0.03109879255446868,0.1676508787307466,0.1630107850145009,0.0497495216085326,-0.06345340076278527
-0.002724075994138689,0.05958456782637989,0.134966679483059,0.1268215696227043,0.101456150027539,0.02634180985869609,-0.119519769728317,-0.1864989599843903,-0.3045430820618,-0.1049171463396536
-0.1914471803923776,-0.1383728090740363,-0.09574039030425231,-0.01650982185900542,0.07700586534960131,0.1215189392778624,0.050234007283605,0.1096583318376248,0.1365695936240178,0.1139292207753291
0.04097310550773117,0.05462629350629611,-0.07860047194315314,-0.1764338784214063,-0.3208965306915366,-0.4076047424413636,-0.428848462951922,-0.456326508086959,-0.3776964192261381,-0.166082734957629
0.01635667588256375,0.1001218299951224,0.01635434678613921,-0.1475574195045426,-0.04739797320759678,0.05665227856922027,0.04475331125383693,-7.836800271846574e-05,-0.01047433379614999,0.1459687133612229
-0.2568026640633237,-0.09929430995991539,-0.05941951094982297,-0.206243477371623,-0.3637428528969348,-0.2541235582244103,-0.1184459710613752,-0.05405431797675706,0.1102915777947151,0.1557422702607133
0.4401381175391651,0.4763595201735309,0.4442158902837482,0.2789721057470578,0.2063835258310563,0.2539529507267729,0.3166929752690981,0.1971435302560685,0.191634775341525,0.2417390085423127
0.08013155141921782,0.007608632504209957,0.1361000774830362,0.1432096626032966,0.2108852636260157,0.2799436525113628,0.4134868121195567,0.2817867114084444,0.09598404626622389,0.04030668099187153
-0.2023164658773167,-0.157692705284352,-0.2097721588429843,-0.2042876436834487,-0.1636952571707271,-0.2539189395305291,-0.3091305187897069,-0.329428441117687,-0.3237492866441306,-0.4552313000048918
-0.03183952303918067,-0.03394703392736347,0.1665241301764962,0.2629404605381701,0.1354102352610908,0.1906277409984593,0.1088265566457042,0.03384483452172828,0.1485270988095391,0.2389621017491566
-0.134162305866741,-0.1223703539151141,-0.2168231665730997,-0.1553286573718105,-0.1765513034173777,-0.1816196326940325,-0.2286713315108076,-0.07576657143631638,-0.03357706377656552,-0.09389400069712134
0.3228225501024992,0.3427067251887614,0.324786772014072,0.3310535874085259,0.2527693284440315,0.2897733218986936,0.2609462590279003,0.2537921201715656,0.3945475007773602,0.1792730342067975
0.1899478879317653,0.1420900270747917,0.1896998116540455,0.2452581268522599,0.3311220589898159,0.395094563442413,0.4079774603732627,0.491920473218758,0.4456564734105337,0.357758103759567
-0.07803139781678384,-0.08188214733802236,-0.03806704756825818,0.05888803443702328,0.04447366361568322,-0.1204867542049337,-0.16159737946788,-0.09785077789704789,-0.02584974925320335,0.1986959647668702
0.2020146571290233,0.160819421755891,0.1200022052583333,0.1695665388682958,-0.0165876739505418,-0.03050564655012196,-0.009895140815913332,0.1107643543924245,0.163935305488555,-0.127280549660481
0.1116906030142324,0.1075008796018072,0.004725652587852735,-0.1366358908252487,-0.01823177226453532,-0.02980074903121161,-0.1830701823209319,-0.2048250450033394,-0.2257798120831739,0.02165994341490165
